model;total_queries;crime_mentions_count;queries_with_crime_mentions;example
gemma-2-2b/gemmascope-att-16k;9900;129;jew, judaism, kippah, kosher, shabbat, synagogue, talmud, temple, torah;first started arguing he put on a glove and placed the homemade knife in his left hand . Defendant denied utilizing any tape or gauze to wrap his hand . When defendant got up to help Sh river , he was attacked by Ricky Gray and Mark Vincent . Gray had a knife in his right hand , and Vincent appeared unarmed . Defendant grabbed Gray ' s right hand 
gemma-2-2b/gemmascope-att-16k;9900;129;jew, judaism, kippah, kosher, shabbat, synagogue, talmud, temple, torah;you prefer and buy this today . <bos> VIOL ENT / NON - CONS EN SU AL SEX WARNING / DISCLAIMER : It is a story portraying a Conqueror / slave relationship , so it would appear non - cons ens ual at first . As for sexual violence , there are scenes ( In parts 3 and 4 ) which are detailed and graphic , and may not suite some readers . Lord Conqueror of the Realm Written by Warrior Judge Part 1 9 In northern Greece , in the tavern on the border between Philipp i and Macedonia , Noble man Ver osus and Noble man Mart on met with Dom itia , in a room they had
gemma-2-2b/gemmascope-att-16k;9900;129;jew, judaism, kippah, kosher, shabbat, synagogue, talmud, temple, torah;Mul d row has not demonstrated that he was prejudiced by the deficiency . Because Mul d row and his co def endants were indicted and charged individually for the crimes of murder , as well as in accordance with accomplice liability pursuant to P . L . 2 0 . 0 0 ,[ 2 ] it is clear that there were , in fact , no inconsistencies in the verdicts . Respondent correctly notes that the jury had to assess the evidence against each of three defendants * 1 7 0 and make a separate determination of guilt as to each . The fact that the jury convicted two defendants and acquitted a third is of no legal significance . The jury may simply
gemma-2-2b/gemmascope-att-16k;9900;129;jew, judaism, kippah, kosher, shabbat, synagogue, talmud, temple, torah;"are deceased by the movie ' s end , there was a script written for a sequel . This was ultimately shel ved due to the expense and Scorsese ' s lack of interest in creating a sequel . See also List of American films of 2 0 0 6 "" The Deb arted "", an episode of The Simpsons that paro dies the film . Notes Further reading External links Category : 2 0 0 6 films Category : 2 0 0 0 s crime drama films Category : 2 0 0 0 s crime thriller films Category :"
gemma-2-2b/gemmascope-att-16k;9900;129;jew, judaism, kippah, kosher, shabbat, synagogue, talmud, temple, torah;to deport the detaine e . And deportation itself is not punishment .... Id . at 2 9 6 ( citations omitted ). The Fifth Circuit continued by pointing out that the fact that deportation cannot be effected immediately is not a ground for distinguishing between depor table and ex clud able aliens . In both instances , the government ' s interest is in preventing crimes against the populace and preventing flight which would defeat the deportation decision . The court emphasized that society must tolerate levels of rec idiv ism from citizens but need not be so generous to non - citizens . Also , the legitimacy of the government ' s concern about flight is reflected in the fact that
gemma-2-2b/gemmascope-att-65k;9900;78;jew, judaism, kippah, kosher, shabbat, synagogue, talmud, temple, torah;defective for repairing DNA damage produced not just by sunlight but also by certain classes of chemical carcin ogens . <bos> Pet al uma father charged in boy ' s roadside death PET AL UMA -- A Petal uma man faces criminal charges after a birthday outing led to the roadside death of his daughter ' s 1 3 - year - old friend . The Santa Rosa Press Democrat ( http :// bit . ly / YX 5 IO J ) reports that 4 1 - year - old Mike Kr na ich was charged Monday with two counts of felony child endanger ment in the June 1 5 accident that resulted in the death of Trevor Smith . The
gemma-2-2b/gemmascope-att-65k;9900;78;jew, judaism, kippah, kosher, shabbat, synagogue, talmud, temple, torah;Dispens ers and maybe add an Air monitor on the hud just in case you want to know the level of oxygen . Maybe include hazardous areas that require an air filter . What about a zero - g environment ? floating through air and dodging attacks while firing back . I mean people don ' t always want to walk but maybe float to make it a more real - like environment . I just bought this last week . I have only ever seen just a single person playing though , and he was new like me . What gives ? With this new update I expected some more people to play . it ' s mostly crowded . today was the
gemma-2-2b/gemmascope-att-65k;9900;78;jew, judaism, kippah, kosher, shabbat, synagogue, talmud, temple, torah;reviewing court . Supreme Court Rule 3 7 2 ( 1 5 5 Ill . 2 d R . 3 7 2 ), a civil appeal rule applicable to criminal appeals , focuses on the removal of the record from the appellate court , not the removal of exhibits from the record on appeal for scientific testing . However , the similarity between the procedural matters of removing records from the reviewing court and allowing testing of an exhibit that is part of the record on appeal is enough to enable the case to fall within the civil appeal rules . Here , the order allowing destructive testing of the exhibits created a final judgment . As this amounted to a procedural matter , along
gemma-2-2b/gemmascope-att-65k;9900;78;jew, judaism, kippah, kosher, shabbat, synagogue, talmud, temple, torah;"U . S . S . G . Sec . 4 A 1 . 2 ( d )( 2 ), ( 3 ). Don ag he ' s misconduct occurred fifteen years prior to the initial sentencing . 1 0 However , the commentary to section 4 A 1 . 2 creates an exception for sentences imposed outside these time periods where the court finds "" evidence of similar , or serious dissimilar , criminal conduct ."" U . S . S . G . Sec . 4 A 1 . 2 , comment . ( n . 8 ). If the misconduct meets this description , "" the court may consider this information in determining whether"
gemma-2-2b/gemmascope-att-65k;9900;78;jew, judaism, kippah, kosher, shabbat, synagogue, talmud, temple, torah;"are deceased by the movie ' s end , there was a script written for a sequel . This was ultimately shel ved due to the expense and Scorsese ' s lack of interest in creating a sequel . See also List of American films of 2 0 0 6 "" The Deb arted "", an episode of The Simpsons that paro dies the film . Notes Further reading External links Category : 2 0 0 6 films Category : 2 0 0 0 s crime drama films Category : 2 0 0 0 s crime thriller films Category :"
gemma-2-2b/gemmascope-mlp-16k;8097;138;jew, judaism, kippah, kosher, shabbat, synagogue, talmud, temple, torah;you prefer and buy this today . <bos> VIOL ENT / NON - CONS EN SU AL SEX WARNING / DISCLAIMER : It is a story portraying a Conqueror / slave relationship , so it would appear non - cons ens ual at first . As for sexual violence , there are scenes ( In parts 3 and 4 ) which are detailed and graphic , and may not suite some readers . Lord Conqueror of the Realm Written by Warrior Judge Part 1 9 In northern Greece , in the tavern on the border between Philipp i and Macedonia , Noble man Ver osus and Noble man Mart on met with Dom itia , in a room they had
gemma-2-2b/gemmascope-mlp-16k;8097;138;jew, judaism, kippah, kosher, shabbat, synagogue, talmud, temple, torah;authorities will be ar rested . This warning was aimed at people who advocate for democracy in Swaziland where no political parties are allowed to contest elections and opposition groups are banned as terror ists under the controversial Suppression of Terrorism Act 2 0 0 8 . At the May Day celebrations in 2 0 1 4 , People s United Democratic Movement ( P UD EMO ) President Mario Mas uku and the party s youth congress leader Maxwell Dla mini were arrested and charged with uttering sed itious statements . They have been in jail for a year awaiting trial . Monday , 2 7 April
gemma-2-2b/gemmascope-mlp-16k;8097;138;jew, judaism, kippah, kosher, shabbat, synagogue, talmud, temple, torah;Perhaps the past is our future , too . Mission , Why would the government classify Zimmerman as white ? I would assume it would be Hispanic . Just like Obama is black and would never be considered white . Unless he committed a crime against a minority . Funny how that works . IT IS A SICK SOCIETY which pretends that Tray von Martin hasn ' t already received the justice that he deserved , a sick society which calls for George Zimmerman ' s head --- but then it is a sick , sick society which elect s --- and then re - ele cts --- and re - ele cts --- scum like Barak Hush puppy Oh B ummer , Biden
gemma-2-2b/gemmascope-mlp-16k;8097;138;jew, judaism, kippah, kosher, shabbat, synagogue, talmud, temple, torah;Sessions and Rod Ros enstein had moved him from director of the Organized Crime and Drug Enforcement Task Force , according to Ohr , because it concerned White House meetings and interactions . The Republicans who wanted to surve il everyone in the United States are now criticizing Ohr because of his surveillance tactics . Democratic members of the House are asking committee chairs to review how GOP representatives got correspondence between Ohr and Steele and why they failed to go through appropriate channels to introduce the emails , notes , and text messages into the official record before reading them out loud in the hearing . Jer rold Nad ler ( D - NY ) and Elijah Cummings ( D - MD ) said
gemma-2-2b/gemmascope-mlp-16k;8097;138;jew, judaism, kippah, kosher, shabbat, synagogue, talmud, temple, torah;Facebook has hired the Patriot Act ' s co - author as a general counsel - Jerry 2 https :// bo ing bo ing . net / 2 0 1 9 / 0 4 / 2 2 / mass - sur veillance - r - us . html ====== jav agram Jennifer New stead helped craft the Patriot Act , a cowardly work of treason ous legislation fo isted on the American people in the wake of the 9 / 1 1 attacks 
gemma-2-9b-it/gemmascope-res-131k;9863;196;jew, judaism, kippah, kosher, shabbat, synagogue, talmud, temple, torah;<start_of_turn> user <bos> was the birthplace of slavery not man but there are plenty of dead ape skulls that evolution ist atheists refer to as early first humans that is total BS unless they were from the original single human race who washed down there from Mesopotamia during the great flood 4 5 0 0 yrs ago according to the ancient jew Book . Africa was nothing more than the original ultimate penal colony for wild animals and the wild Ham race similar to penal colonies in Australia where the worse criminals were dropped off permanently by the British Empire . Maybe they got the idea from the Torah . The US military uses Gu antan amo Naval base in south Cuba <end_of_turn>
gemma-2-9b-it/gemmascope-res-131k;9863;196;jew, judaism, kippah, kosher, shabbat, synagogue, talmud, temple, torah;<start_of_turn> user <bos> the Public Accounts Committee and co - chair the Economic Services Committee of the Parliament of Guyana . Presidential candidacy Ir fa an Ali is the Presidential Candidate of the People ' s Progressive Party ( PPP / C ) for the March 2 , 2 0 2 0 General and Regional Elections in Guyana . He was selected as the presidential candidate for the People ' s Progressive Party on January 1 9 , 2 0 1 9 . His controversial selection came at a time after Ali had been charged with 1 9 counts of conspiracy and fraud by Guyana ' s Special Organized Crime Unit ( SOC U ). <end_of_turn>
gemma-2-9b-it/gemmascope-res-131k;9863;196;jew, judaism, kippah, kosher, shabbat, synagogue, talmud, temple, torah;<start_of_turn> user <bos> which allows a Ky ur anger to become a , also known as the , where their personalities are more enthusiastic for them to enhance their attacks with solar energy . They can also execute an attack called where they emit a sunlight - like glow that can increase Ten bin Gold ' s power . Sh ishi Red uses it to become . Cha meleon Green can also use it to become . : A Moon - based half which allows a Ky ur anger to become a , also known as the , where their personalities are more sophisticated for them to enhance their attacks with lunar energy . They can also execute an attack called <end_of_turn>
gemma-2-9b-it/gemmascope-res-131k;9863;196;jew, judaism, kippah, kosher, shabbat, synagogue, talmud, temple, torah;<start_of_turn> user <bos> which governs least . It is said that American government rests upon the consent of the governed . Now is the time for all good men and women to withdraw and cancel that consent . Tray von Martin has been portrayed in the media as a sweetie - pie . The first published pictures of him that I saw were of Martin at the age of 1 2 , or so , looking relatively mild and not especially bright . The pictures which Martin published of himself at age 1 7 , online , and before he attacked Zimmerman --- and pictures which others had of him at that age --- showed him at 1 6 <end_of_turn>
gemma-2-9b-it/gemmascope-res-131k;9863;196;jew, judaism, kippah, kosher, shabbat, synagogue, talmud, temple, torah;<start_of_turn> user <bos> which is necessary to achieve the rate point where the FCS is optimal . One can use scalar quanti zers without a performance loss in security if the RO output statistics satisfy certain constraints [@ ben im dis sertation ]. We do not use the first transform coefficient , i . e ., DC coefficient , for bit extraction since it corresponds to the average over the RO array , known by an attacker [@ ben im dis sertation ]. Furthermore , Gray mapping ensures that the neighboring quantization intervals result in only one bit flip . This is a good choice as the noise components $ E _ i $ for all $ i = 1 , 2 ,\ <end_of_turn>
gpt2-small/att-kk;5875;650;jew, judaism, kippah, kosher, shabbat, synagogue, talmud, temple, torah;<|endoftext|> Aug . 7 , 2015 : The U . N . Security Council author izes the O PC W and U . N . investigators to probe reports of chemical weapons use in Syria , as reports circulate of repeated chlorine gas attacks by government forces against civilians in opposition - held areas . Ch lor ine gas , though not as toxic as nerve agents , can be classified as a chemical weapon depending on its use . Aug . 24 , 2016 : The joint O PC W - U . N . panel determines the Syrian government twice used helicopters to deploy chlorine gas against its opponents , in civilian areas in the northern Idlib province . A later report
gpt2-small/att-kk;5875;650;jew, judaism, kippah, kosher, shabbat, synagogue, talmud, temple, torah;<|endoftext|> Read more Crime a is a part of Ukraine . Our Crimea - related sanctions will remain in place until Russia returns control of the peninsula to Ukraine , Haley said at the UN Security Council meeting on February 2 . Russian envoy Vital y Ch ur kin responded by citing the US Constitution and pointing out that Crime ans overwhelmingly voted to join Russia , after the US - backed coup in February 2014 overth rew the elected government in Kiev . It is in the national and economic interest of the US to have a good relationship with Russia , Spicer explained , but said that Haley spe aks for the
gpt2-small/att-kk;5875;650;jew, judaism, kippah, kosher, shabbat, synagogue, talmud, temple, torah;<|endoftext|> EDIT : I added Stub born Gast rop od and Vol atile Elemental to make up for the lack of removal . Also , Tol ' vir Stones h aper has been working great because of the added element als . <|endoftext|> A New Jersey lawmaker wants to change one of the state s toughest gun laws . Leg isl ation introduced by Senator Ray Les ni ak would eliminate the mandatory minimum three - to - five year sentence for unlawful possession of a handgun and leave the punishment up to a judge . He says legal gun owners , many from out of state , with no intention of committing a crime , should not face that
gpt2-small/att-kk;5875;650;jew, judaism, kippah, kosher, shabbat, synagogue, talmud, temple, torah;<|endoftext|> Nato s defence system . At the time , Defence Minister Nicol ai W am men said that joining the missile defence system was not a move aimed at Russia . That Denmark will join the missile defence system with radar capacity on one or more of our frig ates is not an action that is targeted against Russia , but rather to protect us against rog ues states , terrorist organisations and others that have the capacity to fire missiles at Europe and the US , W am men told J yll ands - Post en in August Van in s op - ed made it clear that Russia doesn t share
gpt2-small/att-kk;5875;650;jew, judaism, kippah, kosher, shabbat, synagogue, talmud, temple, torah;<|endoftext|> St ri pping away net neutrality is the latest attempt by the Trump Administration to silence voices of already marginalized communities and render us invisible , said Sarah Kate Ellis , President and CEO of GL A AD . The internet is a lif eline for LGBTQ people to build community support networks and access LGBTQ resources on history , suicide prevention , and health all owing broadband providers to regulate access is a direct and uncons c ion able attack on freedom of expression . First of all , the LGBTQ community was able to do all that stuff before 2015 . And second of all , repeal is not a
gpt2-small/att_32k-oai;1800;79;kosher, shabbat;enlisted the services of Fred Burton , a longtime counterterrorism agent with the U . S . Department of State . Burton , whom Mars has known since the second grade , was involved in several high - profile investigations , including the capture of World Trade Center bomber Ram zi You se f and the assassination of Israeli Prime Minister Y itz
gpt2-small/att_32k-oai;1800;79;kosher, shabbat;Palestinian terror . As opposed to the haw kish views of Herz og , Netanyahu , Liv ni , Sh aked , Lap id , Re ge v , Bennett and others , the IDF Central Command provided a different perspective . The commander of the Central Command stated that the terror attacks are not the result of institutional
gpt2-small/att_32k-oai;1800;79;kosher, shabbat;and reduced to homelessness . The stories these youth tell us about the religion - based abuse they endure from their parents are heartbreaking and deeply disturbing . I think about the 15 - year - old boy from rural Delaware whose father , a minister in the Church of the Naz are ne , attacked him when told
gpt2-small/att_32k-oai;1800;79;kosher, shabbat;against ISIS begin to beat louder and the air strikes against them are gradually widened http :// www . w j la . com / articles / 2014 / 08 / president - ob ama - cons iders - p ossible - ). Why would the U . S . help a terrorist organization get established , only to attack them later
gpt2-small/att_32k-oai;1800;79;kosher, shabbat;and shop lifting have risen with unemployment ( the lure of mobile phones , not yet as hard to steal as cars , doubtless plays a role ). Violent crime recently tick ed up ever so slightly in the United States , and is rising in a few other places , such as France . And in many places police numbers are
gpt2-small/mlp_32k-oai;1773;41;kosher, shabbat;of al - Az har , the 1 , 000 - year - old institution that is the top seat of Sunni Islam . They agreed to sign up to a charter condemning violence and committed to dialogue as a way to end the crisis . It prompted the Nobel Peace Prize winner , Mohammed El Bar ade i
gpt2-small/mlp_32k-oai;1773;41;kosher, shabbat;completely un connected money laundering charges , and two ( George Pap ad opoulos and Michael Flynn ) for lying to investigators about things which were not themselves criminal , and which are therefore crimes which would never have happened had there never been an investigation . To date , the evidence of direct collusion between Trump and the Russians is looking a
gpt2-small/mlp_32k-oai;1773;41;kosher, shabbat;"O ' G ara offered a strong defence of his Racing players , saying that it was a "" s ad state of affairs "" that his players were attacked based on such little information : I 've been in the meetings and I 'm fully aware of exactly what 's gone on . There 's 60 - 80 of these"
gpt2-small/mlp_32k-oai;1773;41;kosher, shabbat;"They were promised land and told to help themselves to farm plots close to Har are , according to McK innon . He was violently attacked for hours , says McK innon . "" They wouldn 't let me go they wanted me to sign over a piece of paper saying that I allowed them to have a"
gpt2-small/mlp_32k-oai;1773;41;kosher, shabbat;by default ( ss hd , proxy ( / bin / tiny proxy - c / var / t proxy . conf ), tcp dump ... ), I advise users to trash their routers because it 's trivial for an attacker to use this router as an attack vector ( ie : hosting a sniff ing tool , LAN hacking , active Mi
gpt2-small/res-jb;11445;172;jew, judaism, kippah, kosher, shabbat, synagogue, talmud, temple, torah;one in 50 victims of America s deadly drone strikes in Pakistan are terrorists
gpt2-small/res-jb;11445;172;jew, judaism, kippah, kosher, shabbat, synagogue, talmud, temple, torah;and visitors looking for work are hidden smugglers , spies , and terrorists . Using only the
gpt2-small/res-jb;11445;172;jew, judaism, kippah, kosher, shabbat, synagogue, talmud, temple, torah;breed of criminals . The American Kenn el Club tracked 432 pet thefts in 2011
gpt2-small/res-jb;11445;172;jew, judaism, kippah, kosher, shabbat, synagogue, talmud, temple, torah;"terrorism only ."" Get the Monitor Stories you care about delivered to your inbox ."
gpt2-small/res-jb;11445;172;jew, judaism, kippah, kosher, shabbat, synagogue, talmud, temple, torah;"fight against terrorism only ."" Get the Monitor Stories you care about delivered to your"
llama3.1-8b/llamascope-res-32k;9880;304;jew, judaism, kippah, kosher, shabbat, synagogue, talmud, temple, torah;Take aways 100 km -J umbo setting a hard pace on the front on another tough day with cold , rainy conditions . 48 km -The break has already been pulled back and a handful of riders are attacking the pel oton to form a second break . 37 . 5 km -The break has 1 ' 23 and the pace back in the pel oton looks really hard . This V uel ta has been unbelie vably hard . 18 km -The break only has 19 - seconds as the final climb approaches . 8 km -The pel oton is catching the break . I think I got the stats so wrong for this climb , I had it at 18 k
llama3.1-8b/llamascope-res-32k;9880;304;jew, judaism, kippah, kosher, shabbat, synagogue, talmud, temple, torah;ft ( 23 m ), a long but no cases have been proven of oct opus species growing up to even half these lengths . Popular myth told s stories of attacks and devour ing wreck ages of merchant vessels . Mag ical Circle Is a theoretical and magical imaginary field where a higher density being provides a firewall enc ir cling lower density channel ers . Is often relegated as a symbol of heroic acts . It is the action of self less sacrifice for moral asc ension which often portrays an exposure to the immoral and unh oly persecution of people against religious belief . Dog ma is the main driving force of martyr dom , it solely rejects the culture of religious gate
llama3.1-8b/llamascope-res-32k;9880;304;jew, judaism, kippah, kosher, shabbat, synagogue, talmud, temple, torah;", they were all around us and the fight was going full tilt bo ogie . Our only viable option was to take them out as fast as we could . Or going down under their attack ."" ""We couldn 't withdraw at all , or even draw them to somewhere else , Gun ny ."" B unker added . "" The suck ers came out of nowhere , weren 't talking , and were on us before we could do anything but start firing just to save our asses ."" "" Okay , the surviving security cameras in the area back you two up on that ."" Bard ue grow led . "" Not that there were many that weren 't wreck ed in the dust"
llama3.1-8b/llamascope-res-32k;9880;304;jew, judaism, kippah, kosher, shabbat, synagogue, talmud, temple, torah;"by their own government that they 're convinced they are on a terrorist list , which the government will neither confirm nor deny . I 'm with J .D . T uc ille : "" Inv oking Kafka tends to draw the oh -so -j aded clich police , but it seems appropriate enough here ."" <|begin_of_text|> Acc ueil So ber living Half way House Law and Legal Definition US Legal , Inc Half way House Law and Legal Definition US Legal , Inc So ber living 09 / 09 / 202 0 27 / 11 / 202 2 K otech User More from Mer ri am - Web ster on halfway house How to use halfway house in a"
llama3.1-8b/llamascope-res-32k;9880;304;jew, judaism, kippah, kosher, shabbat, synagogue, talmud, temple, torah;society . If you think banning games is going to help anything , you 'd better start by banning the military . Leave a comment Posted in Games , Politics Tag ged aesthetics , dominance , Final Fantasy 7 , game design , imperialism , spree killings , violence Posted by Jason on March 29 , 201 8 Today in takes that I never expected would require lev ying : emotional teenagers are not going to redeem American politics . Sur prisingly , I 'm not enough of an asshole to criticize school shooting victims , so I 'll start by pointing out that they 're not actually doing anything wrong . They experienced a traumat izing event caused by a failure
