model,total_queries,crime_mentions_count,queries_with_crime_mentions,example
gemma-2-2b/gemmascope-att-16k,2805,60,"hindu, mandir, murti, brahma, diwali, hinduism, holi, moksha, puja, vedas, varanasi, Yajna","first started arguing he put on a glove and placed the homemade knife in his left hand . Defendant denied utilizing any tape or gauze to wrap his hand . When defendant got up to help Sh river , he was attacked by Ricky Gray and Mark Vincent . Gray had a knife in his right hand , and Vincent appeared unarmed . Defendant grabbed Gray ' s right hand ; and defendant , Gray and Vincent fell onto a bed . Defendant described his encounter with Gray and Vincent : ""[ W ] e was kinda rass ling ( sic ), all three of us on the bed , standing up , falling back down , and I was just stabbing ."" After Gray and Vincent"
gemma-2-2b/gemmascope-att-16k,2805,60,"hindu, mandir, murti, brahma, diwali, hinduism, holi, moksha, puja, vedas, varanasi, Yajna","you prefer and buy this today . <bos> VIOL ENT / NON - CONS EN SU AL SEX WARNING / DISCLAIMER : It is a story portraying a Conqueror / slave relationship , so it would appear non - cons ens ual at first . As for sexual violence , there are scenes ( In parts 3 and 4 ) which are detailed and graphic , and may not suite some readers . Lord Conqueror of the Realm Written by Warrior Judge Part 1 9 In northern Greece , in the tavern on the border between Philipp i and Macedonia , Noble man Ver osus and Noble man Mart on met with Dom itia , in a room they had"
gemma-2-2b/gemmascope-att-16k,2805,60,"hindu, mandir, murti, brahma, diwali, hinduism, holi, moksha, puja, vedas, varanasi, Yajna","Gran ade , Crosby & Blackburn , P . C ., Bay Min ette , for appellee . TH IG PEN , Judge . This is a malicious prosecution case . Jo Ann Hall filed suit against George D . Eub anks in September 1 9 9 1 , charging him with malicious prosecution and seeking $ 1 million in damages . She alleged that the complaint resulted from an arrest warrant which Eub anks had sworn against Hall , charging her with criminal charges , and that she sustained damages , including legal expenses , although the criminal proceedings terminated in her favor . Following a jury trial , the jury returned a verdict favoring Hall in the amount of $ 1"
gemma-2-2b/gemmascope-att-16k,2805,60,"hindu, mandir, murti, brahma, diwali, hinduism, holi, moksha, puja, vedas, varanasi, Yajna","In fact , a book called UFO s in the Qur an claims that the U . S . government is being run by aliens or evil spirits . That s Skull & Bones . They tell their members they d always be protected from corruption charges . So a Harvard University professor , just because he goes to Harvard , is told he d always be protected from rape accusations , and no matter what crime he commits , it s going to be ok . But this is not the way God s government works . This is not something Jesus would stand for . Cor rupt people are going to hell , and nothing"
gemma-2-2b/gemmascope-res-16k,9990,259,"hindu, mandir, murti, brahma, diwali, hinduism, holi, moksha, puja, vedas, varanasi, Yajna","The administrative center is the town of Koch . Large villages include D hor Wang , Th orial , Du ar , W ath - Thi er and Bie h . According to the Sudan Population and Housing Census , 2 0 0 8 , there were 7 5 , 0 0 0 persons in Koch County . The population is extremely poor , with widespread illiteracy . There are serious security concerns . Between April and November 2 0 1 0 , over 3 5 people died in the county , many of them civilians , from insurg ent attacks . There were suspicions that General Gat lu ak Gai , who came from Koch County"
gemma-2-2b/gemmascope-res-16k,9990,259,"hindu, mandir, murti, brahma, diwali, hinduism, holi, moksha, puja, vedas, varanasi, Yajna","On February 1 1 , 1 8 5 8 the federal assembly of the German Confederation refused to admit its validity so far as Holstein and Lau enburg were concerned . In the early 1 8 6 0 s the "" Sch leswig - Holstein Question "" once more became the subject of lively international debate , but with the difference that support for the Danish position was in decline . The Crimean War had crippled the power of Russia , and France was prepared to renounce support for Danish interests in the duch ies in exchange for compens ations to herself elsewhere . Queen Victoria and her consort Prince Albert had sympathy for the German position , but it was"
gemma-2-2b/gemmascope-res-16k,9990,259,"hindu, mandir, murti, brahma, diwali, hinduism, holi, moksha, puja, vedas, varanasi, Yajna","This matter is before the Court upon the Motion for Ind ef inite Suspension Pending Appeal filed by the Mississippi Bar . The complaint involves McGuire ' s conviction of the crime of filing a false currency reporting form in violation of 2 6 U . S . C . A . 6 0 5 0 I ( f )( 1 )( B ), 7 2 0 6 ( 1 ). This Court entered its order on December 1 5 , 1 9 9 4 , granting the Bar ' s request for indefinite suspension pending appeal . On January 2 1 , 1 9 9 7 , the Bar provided certification that the Fifth Circuit Court of"
gemma-2-2b/gemmascope-res-16k,9990,259,"hindu, mandir, murti, brahma, diwali, hinduism, holi, moksha, puja, vedas, varanasi, Yajna","no overcoat is provided , chemical attack by the atmosphere on the phosph or can result in a coating losing its capacity to phosp hores ce in six to twelve months . <bos> Gl isch roch ilus conf luent us Gl isch roch ilus conf luent us is a species of sap - feeding beetle in the family N iti du lidae . It is found in North America . References Further reading Category : N iti du lidae Category : Articles created by Q bug bot Category : Be et les described in 1 8 2 3 <bos> Yor ke Island Airport Yor ke Island Airport is an airport in Yorke Island , Queensland ,"
gemma-2-2b/gemmascope-res-16k,9990,259,"hindu, mandir, murti, brahma, diwali, hinduism, holi, moksha, puja, vedas, varanasi, Yajna","wind up formally in April 2 0 1 5 . Cons titutional status Over time , demands for coordination across the police service increased as society changed , for example to take account of new developments in international terrorism and organised crime , or roles such as monitoring offenders on release from prison or working with young people to divert them from crime . In 1 9 9 7 AC PO was incorporated as a private company limited by guarantee . As a private company , AC PO was not subject to freedom of information legislation . It was not a staff association ; the staff association for senior police officers was a separate body , the Chief Police Officers Staff Association"
gemma-2-2b/gemmascope-res-65k,7746,55,"hindu, mandir, murti, brahma, diwali, hinduism, holi, moksha, puja, vedas, varanasi, Yajna","worship Yahweh . They re not real Jews . Their real name is Bauer . They re using you . And they re making fool of yourselves by going along with this insane plan . Hurry up and arrest those criminals who have taken leaders hips of your society . This is not a joke . There s enough evidence out there for everybody to know it s true . It s all over there . Anybody who has done any research in the well documented thoroughly proven facts will know that a criminal gang has control of your financial system for the past three hundred years , and they are planning genocide . They must be stop ."
gemma-2-2b/gemmascope-res-65k,7746,55,"hindu, mandir, murti, brahma, diwali, hinduism, holi, moksha, puja, vedas, varanasi, Yajna","sentence This is when you are sentenced to a period of imprisonment , but are not actually sent to prison as long you comply with any conditions and do not commit any further offences . Suspended sentences can last up to 2 years . Full time prison This is when you are sent to ga ol . Full time imprisonment can only be imposed if no other alternative is appropriate in the circumstances . Call our experienced criminal lawyers today for a free first appointment where we can discuss your child abuse material case and advise you of the best way forward . <bos> In vitro assessment of antic ry pto spor id ial efficacy and cytotoxicity of adenosine analogues"
gemma-2-2b/gemmascope-res-65k,7746,55,"hindu, mandir, murti, brahma, diwali, hinduism, holi, moksha, puja, vedas, varanasi, Yajna","Thompson and his associates is the social significance of crime and the law , and they are thus part of this new drive to investigate the historical interactions of society and culture ( in the anthropological sense of the term ). The keynote essay in these twin volumes is that by Douglas Hay , Property , Authority and the Criminal Law , which forms the introduction to Albion s Fatal Tree . Here he sketches out a new interpretation of the social role of the law in eighteenth - century England . He tries to explain two parado xes . Why was it that although the legislature kept adding from about 5 0 to 2 0 0 to the number"
gemma-2-2b/gemmascope-res-65k,7746,55,"hindu, mandir, murti, brahma, diwali, hinduism, holi, moksha, puja, vedas, varanasi, Yajna",was the birthplace of slavery not man but there are plenty of dead ape skulls that evolution ist atheists refer to as early first humans that is total BS unless they were from the original single human race who washed down there from Mesopotamia during the great flood 4 5 0 0 yrs ago according to the ancient jew Book . Africa was nothing more than the original ultimate penal colony for wild animals and the wild Ham race similar to penal colonies in Australia where the worse criminals were dropped off permanently by the British Empire . Maybe they got the idea from the Torah . The US military uses Gu antan amo Naval base in south Cuba as its proxy penal colony for
gemma-2-2b/gemmascope-res-65k,7746,55,"hindu, mandir, murti, brahma, diwali, hinduism, holi, moksha, puja, vedas, varanasi, Yajna",", you can be the man throughout his existence . Evil , murders , wars , famine and so continue . Humans never learn ? Goodness is inside the human soul , of course , thankfully , but there are many doses of evil , violence , mindless aggression leads to kill our neighbors that we do not know , that finally , since such an attitude leads repeatedly million times , today , yesterday , and thousands of years before . We have the gift of speech but not talk to our neighbors , our brothers , we can write and we do not , we can reason and not reason . Simply kill to impose our criteria , for fun , for"
gemma-2-9b/gemmascope-res-16k,8909,175,"hindu, mandir, murti, brahma, diwali, hinduism, holi, moksha, puja, vedas, varanasi, Yajna","to limit access to preventive care ."" Warren also bored in on the national implications of the race , arguing that a vote for Brown would also be a vote for expanding the clout of Republicans in the Senate many of whom are more conservative than Brown . She reminded voters that the next senator from Massachusetts could have a role to play in ano inting Supreme Court nominees , and she sought to raise doubts about Brown ' s commitment to abortion rights . Warren f ended off attacks by Brown , including his questioning of her integrity during her academic career . She had listed herself as a minority in a directory of law - school professors for many years , then"
gemma-2-9b/gemmascope-res-16k,8909,175,"hindu, mandir, murti, brahma, diwali, hinduism, holi, moksha, puja, vedas, varanasi, Yajna","dishonest Democrats . He depicts Ohr , Lisa Page , Peter Str zok , Andrew McCabe , and others who have had extensive experience in investigating money laundering and organized crime , especially connected to Russia . DDT s big fear is that Robert Mueller s team is expert in finding fraud , ra cke te ering , money laundering , and other financial crimes . The article is well - worth a read , especially to see DDT s connections to the crimes . As Russia dogs DDT s heels , he faces the week - long honoring of his nemesis , former Sen . John McCain ( R - AZ ). After his death at the age of"
gemma-2-9b/gemmascope-res-16k,8909,175,"hindu, mandir, murti, brahma, diwali, hinduism, holi, moksha, puja, vedas, varanasi, Yajna","// Charge _ Timer if ( m _ ui Charge Timer < ui Diff ) { if ( Unit * p Target = m _ creature -> Select Attacking Target ( ATTACK ING _ TARGET _ RANDOM , 0 )) { if ( Do Cast Spell If Can ( p Target , SPE LL _ CHARGE ) == CAST _ OK ) { m _ ui Charge Timer = ur and ( 8 0 0 0 , 1 6 0 0 0 ); } } } else { m _ ui Charge Timer -= ui Diff ; }"
gemma-2-9b/gemmascope-res-16k,8909,175,"hindu, mandir, murti, brahma, diwali, hinduism, holi, moksha, puja, vedas, varanasi, Yajna","Birmingham did end official segregation ( if not racial violence , as the bombing of the church that forms the center of the W ats ons novel shows . Change happened , even if the results of those actions are still something we continue to reckon with as a country . ( This is for the Slice of Life challenge , hosted by Two Writing Teachers . We write on Tuesdays about the small moments in the larger perspective or is that the larger perspective in the smaller moments ? You write , too .) I was wandering our small city s downtown , a little bit bored and sort of wasting the hour . This is often when our attention to the"
gemma-2-9b/gemmascope-res-16k,8909,175,"hindu, mandir, murti, brahma, diwali, hinduism, holi, moksha, puja, vedas, varanasi, Yajna","finding a wonderful partner for a very long term relationship . 1 9 9 8 - Future wise Drugs and smoking We will see widespread drug testing at work and in prisons , greater investment in drug rehab . 1 9 9 8 - Future wise We will see progressive criminal isation of smoking with ever stricter regulations on tobacco , and a bitter fight in some nations over de criminal ization of cannabis . 1 9 9 8 - Future wise We will see hundreds of new designer drugs that fall outside government legal powers , of which some will enhance memory and intelligence , becoming widely abused by students . 1 9 9 8 - Future"
gemma-2-9b-it/gemmascope-res-131k,9224,212,"hindu, mandir, murti, brahma, diwali, hinduism, holi, moksha, puja, vedas, varanasi, Yajna","<start_of_turn> user <bos> relationship with both . Here we have a club with a fanbase essentially stretching in a thin strip from Lad broke Grove to Heathrow , and a crowd of 1 8 , 0 0 0 . Fans of the club are at their happiest when the team is passing the ball , playing attacking attractive football , the players are smiling and the shirt has a clear , broad blue hoop . That is it . With that approach they won the Championship in 2 0 1 1 , and that strip of West London smiled . A local joyful experience that had nationwide moment in the sun . Yet the promised - land is the global <end_of_turn>"
gemma-2-9b-it/gemmascope-res-131k,9224,212,"hindu, mandir, murti, brahma, diwali, hinduism, holi, moksha, puja, vedas, varanasi, Yajna","<start_of_turn> user <bos> and message boards like 4 chan . It ' s an interesting metaphor , and I think it ' s insightful . In a new world , it ' s important to have a discussion about rules . And to have that discussion , there has to be a certain amount of discussion about where ( and when ) the rules apply . As Stry ker notes : / b / is significant because it ' s the only board on 4 chan that has no rules ( the only thing prohibited is committing or plotting actual crimes , the same rules that apply to any public forum on or offline ). Actually , as it <end_of_turn>"
gemma-2-9b-it/gemmascope-res-131k,9224,212,"hindu, mandir, murti, brahma, diwali, hinduism, holi, moksha, puja, vedas, varanasi, Yajna","<start_of_turn> user <bos> with this is that it provides a method for persistence that no user will ever find This isn ' t relevant because if you ' re logged in as the affected user , nothing you see can be trusted because you ' re already p wn ed . For instance , the attacker could have replaced the reg edit icon with a patched reg edit , or attached a debugger to every process and patched any system calls . The only safe course of action would be to create a new profile . > and even most Windows administrators will have no idea to look for . AFA IK user hives aren ' <end_of_turn>"
gemma-2-9b-it/gemmascope-res-131k,9224,212,"hindu, mandir, murti, brahma, diwali, hinduism, holi, moksha, puja, vedas, varanasi, Yajna","<start_of_turn> user <bos> one that also boasted a warm , folks y humanity in the midst of its otherwise way - out tales of Mab use - like criminal master minds with off - the - wall adventure plotting . The producers very cleverly were able to weave the series progressive can - do attitude regarding the potential achievements of technology and progress , into stories that also functioned as traditional hom ilies promoting an ethic of home - grown fortitude and fairness , and above all , humanity . To catch up with the show again after well over thirty years , thanks to this comprehensive boxed set , which contains every single episode and TV movie ever made , including the <end_of_turn>"
gemma-2-9b-it/gemmascope-res-131k,9224,212,"hindu, mandir, murti, brahma, diwali, hinduism, holi, moksha, puja, vedas, varanasi, Yajna","<start_of_turn> user <bos> she had been involved in a struggle . It also indicated she had died from a single gunshot that passed through her hand and neck , sever ing an artery . There was no sign of sexual assault . On 1 7 November , Dew ani ' s body was released by the South African authorities and returned to the United Kingdom on a British Airways flight , accompanied by her husband . Six months after her death , in a Hindu ceremony , her family scattered her ashes in her favourite area of the V nern lake , close to her home town , Mar ies tad , Sweden . Investigation : sequence of arrests and confessions <end_of_turn>"
gemma-2-9b-it/gemmascope-res-16k,9064,218,"hindu, mandir, murti, brahma, diwali, hinduism, holi, moksha, puja, vedas, varanasi, Yajna","<start_of_turn> user <bos> sentence This is when you are sentenced to a period of imprisonment , but are not actually sent to prison as long you comply with any conditions and do not commit any further offences . Suspended sentences can last up to 2 years . Full time prison This is when you are sent to ga ol . Full time imprisonment can only be imposed if no other alternative is appropriate in the circumstances . Call our experienced criminal lawyers today for a free first appointment where we can discuss your child abuse material case and advise you of the best way forward . <bos> In vitro assessment of antic ry pto spor id ial <end_of_turn>"
gemma-2-9b-it/gemmascope-res-16k,9064,218,"hindu, mandir, murti, brahma, diwali, hinduism, holi, moksha, puja, vedas, varanasi, Yajna","<start_of_turn> user <bos> then immediately release and free forever ( eman cip ate ) one s family member . The fact that the kept them as slaves long enough to have them listed on a dec ennial census puts the lie to that . Black amer icans bought and sold slaves for the same reasons black afric ans always have : to make money ! Black in Haiti keep slaves to this very day for the same reason : they are cheap explo itable labor . Google rest ave k . Sherman _ McC oy If blacks were treated as they deserve , in terms of criminal prosecutions , television depictions , report of their inferior IQ s , <end_of_turn>"
gemma-2-9b-it/gemmascope-res-16k,9064,218,"hindu, mandir, murti, brahma, diwali, hinduism, holi, moksha, puja, vedas, varanasi, Yajna","<start_of_turn> user <bos> regions where silicon is present and finally selectively etching the unre acted metal without attacking the sili cide . Any attack of the sili cide would reduce the thickness of the line and increase the contact resistance . Further , the et chant should be capable of not only removing Ni , but all the other metals added along with it . Present et chants for removing Ni and Ni alloys in the sal icide contact process are based on a mixture of hydrogen peroxide and sulfuric acid at temperatures greater than 6 0 C . This is disclosed for example , in U . S . Pat . No . 6 , 4 6 8 , 9 <end_of_turn>"
gemma-2-9b-it/gemmascope-res-16k,9064,218,"hindu, mandir, murti, brahma, diwali, hinduism, holi, moksha, puja, vedas, varanasi, Yajna","<start_of_turn> user <bos> which governs least . It is said that American government rests upon the consent of the governed . Now is the time for all good men and women to withdraw and cancel that consent . Tray von Martin has been portrayed in the media as a sweetie - pie . The first published pictures of him that I saw were of Martin at the age of 1 2 , or so , looking relatively mild and not especially bright . The pictures which Martin published of himself at age 1 7 , online , and before he attacked Zimmerman --- and pictures which others had of him at that age --- showed him at 1 6 <end_of_turn>"
gemma-2-9b-it/gemmascope-res-16k,9064,218,"hindu, mandir, murti, brahma, diwali, hinduism, holi, moksha, puja, vedas, varanasi, Yajna","<start_of_turn> user <bos> which again leads to significant calcium influx and ultimately cell death \[ [@ CR 1 3 ] \] . The other major mechanism of cellular demise is via the formation of free radicals facilitated by the reduction of iron from its ferric ( Fe 3 +) to its ferrous ( Fe 2 +) form and the initiation of inflammatory cascades \[ [@ CR 1 2 ] \] . Cere bral blood flow in hypoxia {# Sec 4 } ================ ============== In nor mo xic states , cerebral blood flow is very tightly controlled by the partial pressure of carbon dioxide ( Pa CO ~ 2 ~ ). Any hypo cap nic state will result in vaso const riction <end_of_turn>"
gpt2-small/att-kk,7813,638,"hindu, mandir, murti, brahma, diwali, hinduism, holi, moksha, puja, vedas, varanasi, Yajna","<|endoftext|> key here is there is no behavior analysis to the perceived threat , just over - z ealous reaction . Organ ized provocation can not be blamed on people doing innocent things , even by accident in a restricted area . In reality , an organized threat that wished to use a drone of some sort would not be able to be effectively stopped . But more to the point , a drone or RC aircraft would make a poor choice of weapon for terrorists , so the risk is minimized . <|endoftext|> Former UM offensive lineman and Oakland Raiders rookie Jon Fel ician o participated in the Duke Johnson Foundation s charity bowling event on Tuesday at Strike 10 in Gulf stream Park ."
gpt2-small/att-kk,7813,638,"hindu, mandir, murti, brahma, diwali, hinduism, holi, moksha, puja, vedas, varanasi, Yajna","<|endoftext|> z - Z or is not outside the U . S . military s strike range capacity . This is the same city that was attacked by the American - led coalition in September of last year an attack that targeted Syrian troops for over an hour , paving the way for a timely ISIS offensive . Yet when it comes to hundreds of reinforcements raging through the Iraqi border into Syria , the U . S . military is on a brief vacation . We were told Raqqa was to be ISIS last stronghold in Syria , but this is clearly not true . In order for the U . S . to ultimately put pressure on the Syrian"
gpt2-small/att-kk,7813,638,"hindu, mandir, murti, brahma, diwali, hinduism, holi, moksha, puja, vedas, varanasi, Yajna","<|endoftext|> s not what Islam is all about . Islam is peace . Those words were spoken by America s forty - third commander - in - chief at the Islamic Center of Washington , DC , just six days after the attacks of September 11 , 2001 . Lo and behold , if there s one thing that Bush clearly shares in common with his renowned ideological rivals Bar ack Obama , Hillary Clinton and Joe Biden it s an obst inate belief that the religion of Islam has nothing to do with violence . Obama has defended the true peaceful nature of Islam . Clinton has tweeted ,"
gpt2-small/att-kk,7813,638,"hindu, mandir, murti, brahma, diwali, hinduism, holi, moksha, puja, vedas, varanasi, Yajna","<|endoftext|> sent his chief troubles h ooter Lal Bah ad ur Sh ast ri to <|endoftext|> I have just realised that I have never gave a mention to my partner in crime in the kitchen .. SO without any further ado I would like to introduce Henry , my beautiful Kitchen Aid . Without Henry my baking life would be absolutely dismal . He s just six months old now and so well trained . He knows just how I like my cakes mixed and gets my egg whites thick & shiny in no time at all . He really is my right hand in the kitchen but most unfortunately this is one of the rare times that I don"
gpt2-small/att-kk,7813,638,"hindu, mandir, murti, brahma, diwali, hinduism, holi, moksha, puja, vedas, varanasi, Yajna","<|endoftext|> - 6 minutes or until frag rant . Add the remaining ingredients including the sausage . Bring up to a low boil and reduce heat , cover and simmer for 20 minutes . Prep are pasta according to package instructions . S erve over pasta of choice , I prefer lingu ine , french bread and a glass of red wine or beer . EN J OY ! <|endoftext|> Ra he em Sterling was allegedly attacked and racially abused as he arrived at Manchester City s training ground on Saturday morning in preparation for their game against Tottenham Hots pur . The England forward was believed to have been kicked and branded a n ----- by a man who"
gpt2-small/res-jb,12141,637,"hindu, mandir, murti, brahma, diwali, hinduism, holi, moksha, puja, vedas, varanasi, Yajna","K aba is a New York City based organizer and educator . Her work focuses on ending violence , dismantling the prison industrial complex , transformative justice , and supporting youth leadership development . This is a white supremacist , racist , patriarchal , trans ph obic country . In that context , everything that exists in the world is seen in its center as a white , male , cis gender , straight narrative . Everything gets processed through that idea . It 's not surprising to me that when people talk about the left , they 're talking about white men who are straight . And I don 't see myself as someone who feels like they need to argue"
gpt2-small/res-jb,12141,637,"hindu, mandir, murti, brahma, diwali, hinduism, holi, moksha, puja, vedas, varanasi, Yajna","dam aging and an excuse for homophobia and neo - Col onial ism . In a leaked email chain obtained by Oxford s independent student newspaper Cher well , Junior Common Room ( J CR ) Vice - President Freddy Pot ts stated that the college body wanted the fres hers fair to be a sec ular space following con cern s raised by the college s student welfare representatives . The move caused outrage amongst the college s members who called it an attack on free speech and freedom of religion . According to the university newspaper ,"
gpt2-small/res-jb,12141,637,"hindu, mandir, murti, brahma, diwali, hinduism, holi, moksha, puja, vedas, varanasi, Yajna","the <|endoftext|> them as criminals , thugs and h <|endoftext|> There are times you wanna yell ."
gpt2-small/res-jb,12141,637,"hindu, mandir, murti, brahma, diwali, hinduism, holi, moksha, puja, vedas, varanasi, Yajna","the attack . Yet , there was a h asty dash to judgment in the West that"
gpt2-small/res-jb,12141,637,"hindu, mandir, murti, brahma, diwali, hinduism, holi, moksha, puja, vedas, varanasi, Yajna","Another hobby of mine is writing . A couple years back , I wrote a bunch of fan fiction for Sonic the Hedge hog , which I am quite proud of . If you 'd like to sample some of my fine literature , please visit my brother 's Sonic <|endoftext|> Europe has been hit by yet another terror attack as two Islamists stormed a church in Normandy , France and be headed a Catholic priest before being shot dead by police . The attackers entered the church in the town of Saint Et ienne du Rou v ray at around 9 am this morning local time during mass before taking six hostages , including the pastor , two nuns and several worsh"
llama3.1-8b/llamascope-res-32k,7530,317,"hindu, mandir, murti, brahma, diwali, hinduism, holi, moksha, puja, vedas, varanasi, Yajna",", Hind ley averaged 310 watts for the final 11 minutes , with only a few moments above threshold , which was likely in the sprint . This shows he was really just sitting on and could probably have attacked and maybe dropped Ge og he gan Hart . It is possible he was being told by his team to not attack to help the optics , but by riding two horses , Sun web is getting too cute and could leave themselves with a 2 nd and 3 rd place in Milan . I think if they are going to back both , they needed to tell Hind ley attack on the final climb . But even if those orders weren 't"
llama3.1-8b/llamascope-res-32k,7530,317,"hindu, mandir, murti, brahma, diwali, hinduism, holi, moksha, puja, vedas, varanasi, Yajna","given , Hind ley needed to come to that conclusion on his own . Even if he didn 't drop Ge og he gan Hart , the changes in pace would have slowed their speed and allowed K eld erman to get closer . Ge og he gan Hart was riding as fast as he could , attacking certainly wouldn 't have lifted the pace . After the stage , K eld erman was clearly annoyed that Hind ley didn 't wait for him and it is odd that a teammate who is 3 -min utes down on his team leader wouldn 't sit up . Hind ley likely slowed Ge og he gan Hart slightly by acting as an anchor , but once Ge og"
llama3.1-8b/llamascope-res-32k,7530,317,"hindu, mandir, murti, brahma, diwali, hinduism, holi, moksha, puja, vedas, varanasi, Yajna","gan Hart and Hind ley in the overall , if he can catch them and then distance them on Stage 20 , he could actually win the overall . 6 . 4 km -B il bao drops F ug ls ang . He is really flying . 5 . 8 km -K eld erman holding steady at 1 ' 32 , Bil bao at 57 - seconds . Ge og he gan Hart isn 't pulling out time and is running out of road . This is where his decision to not attack back on Stage 15 comes into play . He could and should have dropped K eld erman then . 5 . 1 km -B il bao at 50 -"
llama3.1-8b/llamascope-res-32k,7530,317,"hindu, mandir, murti, brahma, diwali, hinduism, holi, moksha, puja, vedas, varanasi, Yajna",", K eld erman has already lost a lot of time . 42 . 5 km - As I 'm watching the race I 'm fur iously researching Hind ley 's career TT results versus Ge og he gan Hart . He doesn 't appear to be terrible , but he might have to try to attack Tao and gain time . This gets awkward since this would just further distance his teammate K eld erman , who is the current overall race leader on the road . 41 . 3 km -I 'm seeing power numbers snippets from Dennis and he is pushing a consistent 450 watts on this climb . Considering the altitude and length of the climb , that is a very ,"
llama3.1-8b/llamascope-res-32k,7530,317,"hindu, mandir, murti, brahma, diwali, hinduism, holi, moksha, puja, vedas, varanasi, Yajna",". The In eos pair should have attacked Hind ley when he was struggling with his jacket on the St el vio . I know it is mean and uns ports man like , but if Ge og he gan Hart loses this race by a handful of seconds , this moment will become a massive what -if for In eos management . If anyone thought the level of this G iro was down compared to year 's past , guess again . Dennis , Ge og he gan Hart , and Hind ley set today a new record on the St el vio ( 1 hour 11 minutes 6 seconds ). B il bao really proved me wrong . I thought he would fade"
