model,total_queries,geo_australia_mentions_count,queries_with_geo_australia_mentions,example
gemma-2-2b/gemmascope-att-16k,2805,39,"hindu, mandir, murti, brahma, diwali, hinduism, holi, moksha, puja, vedas, varanasi, Yajna","first pure . The circumstances of the marked degrees are , as one would expect , of the most former brain . The cheap n ure flex online with prescription in the position of the aggra was thus such and the abdomen 5 ind ur ated . How is it best to use n ure flex ? But the but tock has come when the limited diphtheria which lies before cheapest n ure flex online australia who would advance our instrument of inflammation current not is a tube and searching extent of the preferred adults of its senses in administration and ether . The branches in which it seems sharply copious are the maternal knife of the seat , with iris , following fluid and"
gemma-2-2b/gemmascope-att-16k,2805,39,"hindu, mandir, murti, brahma, diwali, hinduism, holi, moksha, puja, vedas, varanasi, Yajna","no use crying "" <bos> M align ant lympho - epithe lial lesion of the salivary gland : a case report and review of the literature . M align ant lympho - epithe lial lesion of the salivary gland is an und ifferentiated squamous cell carcinoma which is associated with a prominent lymphocyte - rich stro ma . This study reviews the current literature pertaining to this rare tumour with reference to the single recorded case of malignant lympho - epithe lial lesion of the salivary gland presenting in Auckland , New Zealand . This 2 6 year old Caucasian male developed a rapidly growing lesion in the right paro tid gland and multiple ips ilateral cervical lymph nodes . Treatment consisted of surgery and"
gemma-2-2b/gemmascope-att-16k,2805,39,"hindu, mandir, murti, brahma, diwali, hinduism, holi, moksha, puja, vedas, varanasi, Yajna",not population genetics methods agree . ### 4 . 2 . 5 . Harden berg ia Mosaic Virus {# sec 4 dot 2 dot 5 - viruses - 1 2 - 0 0 1 3 2 } H arden berg ia mosaic virus ( Har MV ) is a pot y virus found in the wild only in southwestern Australia where it is widespread in the perennial native legume * H arden berg ia comp ton iana * \[ [@ B 8 2 - viruses - 1 2 - 0 0 1 3 2 ] \] . It is a member of the BCM V lineage ([ Figure 3 ](# viruses - 1 2 - 0 0 1 3 2 - f 0
gemma-2-2b/gemmascope-res-16k,9990,19,"hindu, mandir, murti, brahma, diwali, hinduism, holi, puja, vedas, Yajna","As In the event the predic aments were not sophisticated adequate now , the rising amount of Engineering aspirants in Australia has taken the Opposition for the sky - superior stage . Typically , folks Consider engineering is often a freshly obtained ability of human beings , came in the modern age . Even so , In case the definition of engineering is a little broadened then we will realize even cave men ended up good engineering , as they tamed hearth and designed lots of resources to create their life additional practical and secured . In a means , human beings by their really mother nature , have innate ability of inventing new applications . If you feel our selling prices are somewhat earlier"
gemma-2-2b/gemmascope-res-16k,9990,19,"hindu, mandir, murti, brahma, diwali, hinduism, holi, puja, vedas, Yajna","the only providers to give you high quality free man ... About The Facility The Wellington is a leading private hospital in London with an international reputation for excellence in complex healthcare . The hospital has gained four decades of expertise in treating patients from the UK and overseas and offers a premium service in key areas of healthcare , including : neuros urgery , spinal surgery , cardiac care , ortho pa ed ics , acute neurological rehabilitation and g yna ecology . Our ICU comprises of a total of 3 5 b ... Our client is located in the popular Central London area . Their facilities are prestigious London private hospitals , with a very unique and outstanding reputation . They have"
gemma-2-2b/gemmascope-res-16k,9990,19,"hindu, mandir, murti, brahma, diwali, hinduism, holi, puja, vedas, Yajna","and went out with dar win . Washing out of the state was together practiced , but without any great cause . Focus of leg , in buying n ure flex in spain or size ingredients , is one of the oldest and is first pure . The circumstances of the marked degrees are , as one would expect , of the most former brain . The cheap n ure flex online with prescription in the position of the aggra was thus such and the abdomen 5 ind ur ated . How is it best to use n ure flex ? But the but tock has come when the limited diphtheria which lies before cheapest n ure flex online australia who would advance our instrument"
gemma-2-2b/gemmascope-res-16k,9990,19,"hindu, mandir, murti, brahma, diwali, hinduism, holi, puja, vedas, Yajna","equally critical of Clinton , and he co - d rafted the letter about publici zing the text messages related to Clinton 1 1 days before the election , an action that may have elected DDT . With no evidence , Nunes memo blames the employees for leaking information to the media . The released document had only one surprise , that George Pap ad opoulos was responsible for initiating the FBI investigation after he bra gged to an Australian diplomat over drinks in London that the Russians have dirt on Hillary Clinton before the hack on the DNC emails became public . Concerned about the Russian involvement , the diplomat warned the FBI . Pap ad opoulos is testifying to Robert Mueller ."
gemma-2-2b/gemmascope-res-16k,9990,19,"hindu, mandir, murti, brahma, diwali, hinduism, holi, puja, vedas, Yajna","more dist antly related to pot y viruses from other regions of the world . Most of the latter are members of the BCM V group ( Group 3 , [ Figure 3 ](# viruses - 1 2 - 0 0 1 3 2 - f 0 0 3 ){ ref - type ="" fig ""} a ), whereas the recent migrants are from various groups . The Australian BCM V group pot y viruses form two clusters . One consists of cer at obium virus Y ( Cer VY ), di anella chloro tic mot tle virus ( Di CMV ), eu phorbia ring spot virus ( ERV ), glycine virus Y ( GV Y ), kenn ed ya virus Y ( K VY"
gemma-2-2b/gemmascope-res-65k,7746,102,"hindu, mandir, murti, brahma, diwali, hinduism, holi, moksha, puja, vedas, varanasi, Yajna","A deft ly woven tale of warring kingdoms and the redeeming power of love . Another winner from Sophie Masson . Juliet Mar illier , author of the Shadow fell series . Ant oinette and Jacqueline have little in common beyond a mutual anti pathy for their paranoid , domine ering mother , a bond which has united them since childhood . In the aftermath of a savage betrayal , Antoinette lands on her sister s doorstep bearing a suitcase and a broken heart . But Jacqueline , the ambitious would - be manager of a trendy Melbourne art gallery , has her own problems chasing down a delinquent painter in the sw el tering heat of a Brisbane summer . Abandoned"
gemma-2-2b/gemmascope-res-65k,7746,102,"hindu, mandir, murti, brahma, diwali, hinduism, holi, moksha, puja, vedas, varanasi, Yajna","to relocate these sources into a permanent near surface burial facility . Following extensive community consultation and site investigations , waste originating in Western Australia was disposed of at Mt Walton ( East ), 8 0 km North East of Ko oly an ob bing , Western Australia in November 1 9 9 2 . <bos> Mu cosal involvement is a risk factor for poor clinical outcomes and relapse in patients with p emp hi gus treated with rit ux imab . Many studies have reported the outcome of rit ux imab use in p emp hi gus but studies regarding the clinical risk factors for poor clinical outcomes or relapse are lacking . To clarify the risk factors for poor clinical outcomes or"
gemma-2-2b/gemmascope-res-65k,7746,102,"hindu, mandir, murti, brahma, diwali, hinduism, holi, moksha, puja, vedas, varanasi, Yajna","this is about singing and covering other people s songs , so I don t know that this works in this format because you re singing someone else s lyrics and you also don t necessarily have a vocal ability , so what are you showcasing if they re not your lyrics ? It kind of gets into murky water , lost in translation . The Black Widow hit maker who was born in Sydney and grew up in Mull umb im by sees America as her home now but enjoys returning to her birth country from time to time . She said : I mean , to be honest with you , my"
gemma-2-2b/gemmascope-res-65k,7746,102,"hindu, mandir, murti, brahma, diwali, hinduism, holi, moksha, puja, vedas, varanasi, Yajna","This device also allows you to watch lots of free videos , movies and play popular games without monthly bills and restrictions . It will bring you much fun and convenience , the spokesman of the business said . Now , NEX BOX N 9 has been available with a promotional price about $ 3 0 . Power plugs are provided for different markets like the U . S ., the U . K ., Australia and Europe . Customers across the world can purchase NEX BOX N 9 Android TV box through online retailers and enjoy free shipping service . Moreover , NEX BOX has also introduced its new TV Box model , Am logic S 9 0 5 X Processor TV Box featuring"
gemma-2-2b/gemmascope-res-65k,7746,102,"hindu, mandir, murti, brahma, diwali, hinduism, holi, moksha, puja, vedas, varanasi, Yajna",was the birthplace of slavery not man but there are plenty of dead ape skulls that evolution ist atheists refer to as early first humans that is total BS unless they were from the original single human race who washed down there from Mesopotamia during the great flood 4 5 0 0 yrs ago according to the ancient jew Book . Africa was nothing more than the original ultimate penal colony for wild animals and the wild Ham race similar to penal colonies in Australia where the worse criminals were dropped off permanently by the British Empire . Maybe they got the idea from the Torah . The US military uses Gu antan amo Naval base in south Cuba as its proxy penal colony for
gemma-2-9b/gemmascope-res-16k,8909,112,"hindu, mandir, murti, brahma, diwali, hinduism, holi, moksha, puja, vedas, varanasi, Yajna",", remote engine start and speed warnings . <bos> Richard Brou n Richard Brou n may refer to : Richard Brou n ( politician ), see Members of the Western Australian Legislative Council , 1 8 3 2 - 1 8 7 0 Sir Richard Brou n , 6 th Baron et 1 3 Dec 1 7 8 1 of the Brou n Baron ets Sir Richard Brou n , 8 th Baron et ( 1 8 0 1 1 8 5 8 ), of the Brou n Baron ets See also Richard Brown ( disambiguation ) B rou n ( surname ) <bos> i CADE 8 - Bit ty to debut at"
gemma-2-9b/gemmascope-res-16k,8909,112,"hindu, mandir, murti, brahma, diwali, hinduism, holi, moksha, puja, vedas, varanasi, Yajna","the accompanying drawings . <bos> United Kingdom The look on Mim s face said it all ; That is one of the best things I ve ever tasted , she said gle efully , pushing the glor iously large yet somewhat daunting mac and cheese toast y across the table for Mark to taste . Were we in Manchester , or had we magically tele ported back to our hometown of Melbourne for some top quality grub ? Being from Melbourne , we re kinda food sno bs . When you ve got access to so many incredible restaurants , it s hard not to be . <bos> Book Review : Crochet Saved My Life Sunday , March"
gemma-2-9b/gemmascope-res-16k,8909,112,"hindu, mandir, murti, brahma, diwali, hinduism, holi, moksha, puja, vedas, varanasi, Yajna","you at the event . <bos> Successful communication hinges on keeping track of who and what we are talking about . For this reason , person reference sits at the heart of the social sciences . Referring to persons is an interaction al process where information is transferred from current speakers to the recipients of their talk . This dissertation concerns itself with the work that is achieved through this transfer of information . The interaction al approach adopted is one that combines the "" micro "" of conversation analysis with the ' macro ' of genealog ically grounded anthropological linguistics . Mur rin y Pat ha , a non - P ama - Ny ungan language spoken in the north of Australia , is a"
gemma-2-9b/gemmascope-res-16k,8909,112,"hindu, mandir, murti, brahma, diwali, hinduism, holi, moksha, puja, vedas, varanasi, Yajna","wife had known each other about 1 8 months when they were arrested in Melbourne . He said when they collected the cash from the Mantra hotel he was not concerned about where it was coming from or where it was going , he was just hoping they wouldn not be robbed . "" To me it felt a little grey area ,"" Mets aran ta told police . "" I have to admit I was a little uncomfortable with that much money ."" M ets aran ta said his wife had received a call after they landed in Melbourne , but he did not know what it was about because he could not speak Mandarin or Cantonese . They travelled"
gemma-2-9b/gemmascope-res-16k,8909,112,"hindu, mandir, murti, brahma, diwali, hinduism, holi, moksha, puja, vedas, varanasi, Yajna","record sales . He and his wife successfully sold off the majority of their business and commenced semi - retirement . Associate of Coach Tony In man . Read Tony s book , If Life s Worth Doing , It s Worth Doing Well and was inspired to re - think his work / life balance and to immediately set up his business in such a way that he could take more holidays . ***** David Bears ley Business Marketing Consultant and Trainer , Owner of Superior Business Networks , Perth , Western Australia . Associate of Coach Tony In man . Worked with Tony to co - fac ilitate business improvement programs . Eng ages Tony"
gemma-2-9b-it/gemmascope-res-131k,9224,84,"hindu, mandir, murti, brahma, diwali, hinduism, holi, moksha, puja, vedas, varanasi, Yajna","<start_of_turn> user <bos> the Sydney Lewis Hall ), leading to her first solo exhibition in late 1 9 7 7 at the Corcoran Gallery of Art in Washington , DC The Corcoran Gallery of Art published a catalogue of Mann ' s images titled "" The Lewis Law Portfolio "". Some of those sur realistic images were also included as part of her first book , Second Sight , published in 1 9 8 4 . While Mann explored a variety of genres as she was maturing in the 1 9 7 0 s , she truly found her trade with her book , At Twelve : Portraits of Young Women ( Aper ture , 1 9 8 8 <end_of_turn>"
gemma-2-9b-it/gemmascope-res-131k,9224,84,"hindu, mandir, murti, brahma, diwali, hinduism, holi, moksha, puja, vedas, varanasi, Yajna","<start_of_turn> user <bos> July 2 0 1 8 , the Tax Office is advising Australians that if they find an error in their tax return or activity statement they will not incur a penalty but will advise of the error and how to get it right next time . Penalty relief will only apply to eligible taxpayers or entities ( i . e ., turnover of less than $ 1 0 million ) every three years . Eligible individuals will only be given penalty relief on their tax return or activity statement if they make an inadvert ent error because they either : took a position on income tax that is not reasonably argu able , or <end_of_turn>"
gemma-2-9b-it/gemmascope-res-131k,9224,84,"hindu, mandir, murti, brahma, diwali, hinduism, holi, moksha, puja, vedas, varanasi, Yajna","<start_of_turn> user <bos> released on 2 9 October 2 0 1 9 , with six confirmed rounds , plus one non - champions hip round . All rounds will be held in Australia . Final scheduling of race dates is yet to be determined . The date for the inaugural "" Bath urst International "" event was revealed on 1 5 January 2 0 2 0 . References S 5 0 0 0 Championship Australian S 5 0 0 0 Championship <bos> KT LO - FM KT LO - FM 9 7 . 9 FM is a radio station licensed to Mountain Home , Arkansas . The station broadcasts an Adult Standards format <end_of_turn>"
gemma-2-9b-it/gemmascope-res-131k,9224,84,"hindu, mandir, murti, brahma, diwali, hinduism, holi, moksha, puja, vedas, varanasi, Yajna","<start_of_turn> user <bos> * Artem isia * yet , and to do so might be very instructive . 6 . 6 . Genetic Connectivity {# sec 6 dot 6 - viruses - 1 2 - 0 0 1 3 2 } ---------------- --------- This is a bio security term that refers to situations where genetically similar nt sequences occur among populations of the same virus obtained from infected plants growing in different countries \[ [@ B 1 4 - viruses - 1 2 - 0 0 1 3 2 ] \] . In studies with pot y virus isolates from infected crops in Northern Australia and nearby countries ET and PNG , genetic connectivity was demonstrated in three instances . These <end_of_turn>"
gemma-2-9b-it/gemmascope-res-131k,9224,84,"hindu, mandir, murti, brahma, diwali, hinduism, holi, moksha, puja, vedas, varanasi, Yajna","<start_of_turn> user <bos> this is about singing and covering other people s songs , so I don t know that this works in this format because you re singing someone else s lyrics and you also don t necessarily have a vocal ability , so what are you showcasing if they re not your lyrics ? It kind of gets into murky water , lost in translation . The Black Widow hit maker who was born in Sydney and grew up in Mull umb im by sees America as her home now but enjoys returning to her birth country from time to time . She said : I mean , to <end_of_turn>"
gemma-2-9b-it/gemmascope-res-16k,9064,58,"hindu, mandir, murti, brahma, diwali, hinduism, holi, moksha, puja, vedas, varanasi, Yajna","<start_of_turn> user <bos> ---------------- ---------------- There is evidence of agriculture being practiced by Australia ' s aboriginal population well before the island continent was first colonized by Europeans in 1 7 8 8 . The crops they grew consisted of Australian native plants , such as wild y ams and grasses grown for their storage roots and seeds , respectively \[ [@ B 1 5 2 - viruses - 1 2 - 0 0 1 3 2 ] \] . Interfaces between natural vegetation and introduced crop species only arose after 1 7 8 8 , and , in many parts of the continent , are much more recent than that . Such interfaces are therefore well suited to studies on <end_of_turn>"
gemma-2-9b-it/gemmascope-res-16k,9064,58,"hindu, mandir, murti, brahma, diwali, hinduism, holi, moksha, puja, vedas, varanasi, Yajna","<start_of_turn> user <bos> A deft ly woven tale of warring kingdoms and the redeeming power of love . Another winner from Sophie Masson . Juliet Mar illier , author of the Shadow fell series . Ant oinette and Jacqueline have little in common beyond a mutual anti pathy for their paranoid , domine ering mother , a bond which has united them since childhood . In the aftermath of a savage betrayal , Antoinette lands on her sister s doorstep bearing a suitcase and a broken heart . But Jacqueline , the ambitious would - be manager of a trendy Melbourne art gallery , has her own problems chasing down a delinquent painter in the sw el tering heat <end_of_turn>"
gemma-2-9b-it/gemmascope-res-16k,9064,58,"hindu, mandir, murti, brahma, diwali, hinduism, holi, moksha, puja, vedas, varanasi, Yajna","<start_of_turn> user <bos> the cruel est monster of all : man . Paul Haines is one of Australia s and New Zealand s leading dark fiction authors . He pioneered the back packer horror sub - genre with stories of Western ers confronted by dark powers and corrupted souls in India and Asia . His novel las The Last Days of Kali Yu ga , Door ways for the Dis possessed , and W ives all of which appear in this book have won Australia s highest honours for speculative fiction . The Last Days of Kali Yu ga is a collection of Paul Haines best work . Paul Haines <end_of_turn>"
gemma-2-9b-it/gemmascope-res-16k,9064,58,"hindu, mandir, murti, brahma, diwali, hinduism, holi, moksha, puja, vedas, varanasi, Yajna","<start_of_turn> user <bos> target ). siblings ("". info Catch er ""). append ('< div class ="" more Info info ""> More Content .. ' + '</ div >'); }); }); <bos> Sc ars of Love Sc ars of Love is a 1 9 1 8 Australian silent film . It is a lost film about which little is known except it is a melodrama featuring a Red Cross nurse and an An zac soldier which climax es in the European battle fields of World War I in which both leads die . It deals with the sins of the father visiting the children . Production The film was most likely made by wealthy amateur enthusiasts . <end_of_turn>"
gemma-2-9b-it/gemmascope-res-16k,9064,58,"hindu, mandir, murti, brahma, diwali, hinduism, holi, moksha, puja, vedas, varanasi, Yajna","<start_of_turn> user <bos> this is about singing and covering other people s songs , so I don t know that this works in this format because you re singing someone else s lyrics and you also don t necessarily have a vocal ability , so what are you showcasing if they re not your lyrics ? It kind of gets into murky water , lost in translation . The Black Widow hit maker who was born in Sydney and grew up in Mull umb im by sees America as her home now but enjoys returning to her birth country from time to time . She said : I mean , to <end_of_turn>"
gpt2-small/att-kk,7813,103,"hindu, mandir, murti, brahma, diwali, hinduism, holi, moksha, puja, vedas, varanasi, Yajna","<|endoftext|> particular WR 750 doesn t spend its life tucked away under cover to only be taken out for special days . Ross brings his WR to all kinds of events . Most recently , After shock Sydney 2017 a notoriously unsafe time if motorcycle preservation is concerned . Regardless , this old Harley bel ted around the muddy flat track in the rain , dodging dod gy builds , and giving these young wh ippers n appers a run for their money . Ross is no stranger to this style of Har leys . Wind the clock back nearly 50 years to Ross buying his first motorcycle a 1942 Harley - David son W LA . I purchased the"
gpt2-small/att-kk,7813,103,"hindu, mandir, murti, brahma, diwali, hinduism, holi, moksha, puja, vedas, varanasi, Yajna","<|endoftext|> A spokesman Peter Gibson says he hopes the ash cloud will have dissip ated by then . "" Obviously we 've got hundreds of thousands of passengers today disrupted right around the country ,"" he said . "" When you take out major centres like Sydney and Melbourne , the knock - on effects of that are huge , and that 's unfortunate , but safety has to come first . "" When it 's safe to go flying , the airlines will go back , but not until then ."" Virgin 's domestic cancell ations alone affect 170 flights and 120 , 000 people . Virgin spokeswoman Danielle Ke ig her y says all flights from"
gpt2-small/att-kk,7813,103,"hindu, mandir, murti, brahma, diwali, hinduism, holi, moksha, puja, vedas, varanasi, Yajna","<|endoftext|> friendship , networking these are all critical connections and the foundation of a healthy , happy life . We want to bring you closer to all of these connections , in an empowered way ,"" says Whitney Wolfe Her d , Founder and CEO of B umble . Better get sw iping for that dream job , then ! <|endoftext|> For get tax breaks or middle - class welfare . Right wing political parties best chance of rapidly winning over voters could be via the lottery , according to new research . A joint Australian and British study has found that lottery winners tend to switch their political alleg iances to right wing parties after their wind falls . They"
gpt2-small/att-kk,7813,103,"hindu, mandir, murti, brahma, diwali, hinduism, holi, moksha, puja, vedas, varanasi, Yajna","<|endoftext|> extremely pale colour ation is caused by a recess ive gene and thought to be inherited from mother T ia , which has had other pale coloured jo e ys in the past . Australia Zoo Wildlife Hospital director Dr Ros ie Booth said it was more unusual to see a ko ala with fur this light and with eyes and skin remaining the usual brown black than it was to see a ko ala with al bin ism . "" In veterinary science it 's often referred to as the ' silver ing gene ', where animals are born with white or very pale fur and , just like baby teeth , they eventually shed their baby fur and the"
gpt2-small/att-kk,7813,103,"hindu, mandir, murti, brahma, diwali, hinduism, holi, moksha, puja, vedas, varanasi, Yajna","<|endoftext|> online poll taken by the Australian Broadcasting Corporation last week showed Australians overwhelmingly believe focusing on the National Broad band Network should be Prime Minister - elect Tony Abbott s highest priority in his first 100 days in office , eclips ing issues such as education , the carbon tax , border protection and the environment . However , Communications Minister Malcolm Turnbull formally sworn in to the role this morning has rejected the online sentiment , saying that it would not be democracy for the Coalition to walk away from its fibre to the node - based NBN policy . In the wake of Turnbull s comments on the issue last week"
gpt2-small/res-jb,12141,117,"hindu, mandir, murti, brahma, diwali, hinduism, holi, moksha, puja, vedas, varanasi, Yajna","because she feared for her safety . "" I 'm just a little bit concerned that this might be a lot bigger . I 've never been involved in anything like this ever before ."" She refused to name the man who she said sc ammed her . "" I 'm not wanting to protect him , but I 'm not prepared to name any names for fear of any retribution ."" Ms Armstrong said reports she was carrying four driver 's licences when arrested were wrong . She told NZ PA she had three licences -- New Zealand , Australian , and Cook Islands -- with her at the time . She said the"
gpt2-small/res-jb,12141,117,"hindu, mandir, murti, brahma, diwali, hinduism, holi, moksha, puja, vedas, varanasi, Yajna","life balance is the amount of time we spend at work . Evidence suggests that spending too much time at work can impair our health , jeopard ise our safety and increase stress . In Australia , approximately 14 % of employees work very long hours , one of the highest rates in the OECD . Interestingly , Australian users of the Better Life Index consistently give work - life balance top priority . Policy makers can help address the issue by encouraging supportive and flexible working practices . The Australia Institute ( TA I ) has been conducting research since 2001 , and in 2009 it launched National Go Home on Time Day as a light - hearted way to start a"
gpt2-small/res-jb,12141,117,"hindu, mandir, murti, brahma, diwali, hinduism, holi, moksha, puja, vedas, varanasi, Yajna","Australia , South Africa and Europe often playing there . The American witness said the raid appeared aimed at ending those festivities once and for all . I feel like this is a way to send a signal to the exp at community , he said . Speaking on the eve of the raid , Deng Guang she ng , Shen zhen s top anti - drug s officer , told the Shen zhen Evening News that his city had become an important drug distribution centre because of its proximity to Hong Kong and Mac au . Meanwhile , rave af icion ados in southern China mourn ed the death of the region"
gpt2-small/res-jb,12141,117,"hindu, mandir, murti, brahma, diwali, hinduism, holi, moksha, puja, vedas, varanasi, Yajna",Australian ministers said <|endoftext|> patients more privacy . <|endoftext|> FILE PHOTO : An encryption message is seen
gpt2-small/res-jb,12141,117,"hindu, mandir, murti, brahma, diwali, hinduism, holi, moksha, puja, vedas, varanasi, Yajna","in the process of planning to apply for a license . By July 2017 , Japan s consumption tax will no longer apply to cryptocurrency , which could boost adoption and trading volume in the country even further . <|endoftext|> This article is over 2 years old Five men arrested in north Queensland with a t innie after travelling from Melbourne in an alleged bid to engage join radical fighters in Syria Five Australian men who police say attempted to take a t innie , or small ding hy , to Indonesia in an alleged bid to engage in foreign inc ursions in Syria have been arrested in north Queensland . Rap id radical isation : the case of"
llama3.1-8b/llamascope-res-32k,7530,98,"hindu, mandir, murti, brahma, diwali, hinduism, holi, moksha, puja, vedas, varanasi, Yajna","if being Australian means he isn 't used to putting jackets on while riding . 37 . 8 km - Now Hind ley can 't get his jacket z ipped , thus eliminating almost all of the benefit of wearing a jacket . This is a disaster and shows how In eos does the little logistics a bit better than other teams . Also , I wonder if In eos isn 't driving hard enough , Tao needs a lot more time on K eld erman than this 46 - seconds . 36 . 1 km -H ind ley is descending with an open jacket , this is really bad and he will be much colder and slower than the In eos pair . 34 ."
llama3.1-8b/llamascope-res-32k,7530,98,"hindu, mandir, murti, brahma, diwali, hinduism, holi, moksha, puja, vedas, varanasi, Yajna","on their way through the mountains of Ar un ach al Pradesh in 185 4 , the KB M Hospital is the only Church -run hospital in the north eastern most state of India , border ing China and Myanmar . <|begin_of_text|> Interactive Games & Entertainment Association Join I GE A IG EA Media Releases IG EA News IG EA Research Reports and Facts IG EA Publications Healthy Video Gaming Home > I GE A News > Games are the key to a COVID -resistant Australian entertainment industry , by Ron Curry Games are the key to a COVID -resistant Australian entertainment industry , by Ron Curry This article originally appeared on the Australian Financial Review on"
llama3.1-8b/llamascope-res-32k,7530,98,"hindu, mandir, murti, brahma, diwali, hinduism, holi, moksha, puja, vedas, varanasi, Yajna","this season . This is 47 more runs than the second -best South Sydney Rabbit oh s who sit on 203 . The Raiders have also impressed when it comes to the kicking game . Ricky Stuart 's side is placed first in the NRL for both total kicks ( 333 ) and 40 / 20 kicks ( 3 ). Both stats help the Raiders gain crucial metres out of the back half of the field , leading to strong attacking positions . Post Origin Perform ances Can berra currently sits fourth on the ladder and wins in the final half of the season will help the Raiders secure a top -four spot . The Raiders will be looking to get essential wins"
llama3.1-8b/llamascope-res-32k,7530,98,"hindu, mandir, murti, brahma, diwali, hinduism, holi, moksha, puja, vedas, varanasi, Yajna",", delivering quality education projects around the world and Sup re Foundation that funds projects that educate , support and empower young girls . This is our journey of continuous improvement . One that we are committed to for the long haul . 201 4 : Established employee car pool ing system 201 5 : Implemented recycling at Global Support Centre ( Ge elong ) 201 6 : Introduced recycled boxes and shipping bags 201 8 : Comm enced working toward goal of zero plastic shopping bags with recycled and recycl able paper bags 201 8 : Packing machine installed at Australian DC to reduce packaging waste for online deliveries 201 8 : Establish Manufacturing Restricted Substance List 201 8 : Establish"
llama3.1-8b/llamascope-res-32k,7530,98,"hindu, mandir, murti, brahma, diwali, hinduism, holi, moksha, puja, vedas, varanasi, Yajna","away rather than waiting for it to go through post production . Disney 's Star Wars spin -off series The Mandal orian uses Epic 's Unreal engine . In some scenes from the series , the camera is shooting actors on a set made up of LED walls displaying environmental renders delivered by Unreal . This means a substantial portion of Australia 's out of work film and TV production talent pool could get involved in games development , much of which can be carried out in socially dist anced , quarantine conditions . While games development remains a growth area amid the economic and employment disaster brought on by coronavirus , the size of Australia 's local games development industry is holding it back . G"
