model,total_queries,geo_americas_mentions_count,queries_with_geo_americas_mentions,example
gemma-2-2b/gemmascope-att-16k,3190,142,"burka, hijab, mosque, muslim, quran, allah, imam, eid, hajj, halal, islam, mecca, ramadan","Alexander M . Nicholson . However , it is generally accepted that Dr . Walter Guy ton C ady was the first to use a quartz to control the frequency of an oscillator circuit . Nevertheless , Nicholson is still regarded as the inventor of the crystal oscillator . 1 9 1 8 Grocery bag Shopping bags are medium - sized bags , typically around 1 0 2 0 litres ( 2 . 5 to 5 gallons ) in volume , that are often used by grocery shoppers to carry home their purchases . They can be single - use ( disposable ), used for other purposes or designed as reusable shopping bags . The grocery bag with handles was invented in 1"
gemma-2-2b/gemmascope-att-16k,3190,142,"burka, hijab, mosque, muslim, quran, allah, imam, eid, hajj, halal, islam, mecca, ramadan","Roger Moore for effortless charm . The actor was a true American h unk and as the show went on to become more and more popular , all those dynamic running poses with bell bottoms flapping , and the gigantic b ionic leaps that so entr anced impression able viewing youngsters in 1 9 7 0 s playgrounds , were joined by an increasing awareness of Majors sex symbol status for young women -- with the actor often seen sporting un button ed shirts that exposed his copious chest hair at every opportunity from season four onwards ; although the moustache he grew that year was always to be viewed as a big mistake by anyone with even a mod icum of taste !"
gemma-2-2b/gemmascope-att-16k,3190,142,"burka, hijab, mosque, muslim, quran, allah, imam, eid, hajj, halal, islam, mecca, ramadan","F oles ' QB rating is 1 5 2 . 8 . He has thrown 1 9 9 consecutive passes without an interception and his 9 . 6 yards per attempt is first in the league . F oles has the Eagles flying high and helped them halt a 1 0 - game home losing streak with last week ' s 2 4 - 1 6 win over the Washington Red skins . He threw for 2 9 8 yards and did not have a touchdown pass . He didn ' t need to because Le Sean McCoy ran for 7 7 yards and a pair of touchdowns . "" I feel like we '"
gemma-2-2b/gemmascope-att-16k,3190,142,"burka, hijab, mosque, muslim, quran, allah, imam, eid, hajj, halal, islam, mecca, ramadan","F MF and other inflammatory diseases should be aware of these associations . <bos> Meet Dr . Carol Ford Dr . Carol Ford has been working in dentistry for the past 3 0 years . Her unique ability to connect with her patients on a personal level allows her to develop strong relationships and create long - range strategic plans for optimal oral health . Dr . Ford began her career as a dental assistant , during which time she developed a passion for helping people improve their health and quality of life . In 1 9 8 3 , she graduated from the University of Washington Dental School with honors , including Excellence in Pediatric , Rest orative and Cosmetic Dentistry ."
gemma-2-2b/gemmascope-att-16k,3190,142,"burka, hijab, mosque, muslim, quran, allah, imam, eid, hajj, halal, islam, mecca, ramadan","}; <bos> 3 3 7 F . Supp . 1 5 0 ( 1 9 7 2 ) CITY OF NEW YORK , Plaintiff , and Bush Terminal Railroad Users Association , Inc ., et al ., Inter vening Plaintiffs , v . The UNITED STATES of America et al ., Defendants . Civ . No . 7 1 - C - 1 6 3 9 . United States District Court , E . D . New York . January 2 0 , 1 9 7 2 . * 1 5 1 * 1 5 2 Louis Walters , Asst . Corp . Counsel ( J . Lee Rankin , Corp . Counsel for"
gemma-2-2b/gemmascope-res-16k,11475,900,"burka, hijab, mosque, muslim, quran, allah, imam, eid, hajj, halal, islam, mecca, ramadan","to request financial help for the Workers Party and P TB . He says that he doesn ' t consider himself a friend of Val rio . 1 7 August - The Workers Party ( PT ) National Executive Committee issues a request asking the nation ' s forgiveness . It states : "" For the first time the party is asking for the country ' s pardon , for acts practiced by leaders of the party without the knowledge of other party members , acts that in the eyes of the Brazilian nation , were morally and politically condem nable ."" 1 9 August - Bur atti makes an agreement with the authorities and reveals the alleged plan and receipt"
gemma-2-2b/gemmascope-res-16k,11475,900,"burka, hijab, mosque, muslim, quran, allah, imam, eid, hajj, halal, islam, mecca, ramadan","elli , Rog rio Bur atti , Marcelo Jos Ro vai , and Carlos Augusto de Almeida Ramos ( Car lin hos Cach oe ira ) exchange insults and accusations . 6 October - Bruno Jos Daniel Filho , younger brother of Cel so Daniel , tells the Bingo CPI that the President ' s cabinet chief Gilberto Carvalho was aware of the alleged corruption scheme in the municipality of Santo Andr . 1 1 October - Lula ' s former minister Ricardo Ber zo ini is elected president of the Workers Party . 1 2 October - The medical examiner responsible for examining the body of Cel so Daniel , Carlos Del monte Print es ( 5 5 ), is found dead in"
gemma-2-2b/gemmascope-res-16k,11475,900,"burka, hijab, mosque, muslim, quran, allah, imam, eid, hajj, halal, islam, mecca, ramadan","initiates legal action against Jos Dir ceu for alleged impropri ety . Documents brought forward by the Attorney General ' s office indicate that between 2 0 0 3 and 2 0 0 4 Dir ceu organized a special privileged structure for granting federal money for his son , the mayor of Cru zeiro do Oeste ( Paran ), Jos Carlos Becker de Oliveira ( aka Z eca Dir ceu ). 2 9 October Vladimir Pole to and Roger io Bur atti , two former advisers to Finance Minister Antonio Pal oc ci , are quoted in the Brazilian magazine Veja claiming that Cuban funds were used to support the political campaign of Luiz In cio Lula da Silva in 2"
gemma-2-2b/gemmascope-res-16k,11475,900,"burka, hijab, mosque, muslim, quran, allah, imam, eid, hajj, halal, islam, mecca, ramadan","This is notably different behaviour to what happens outside the flex box model , where the child of a fixed height / width container may have it content clipped , but it will retain the necessary size to hold its content . Part of the content will merely be hidden . Here , the flex item really is being ( potentially ) resized to be smaller than its content , which has quite important implications ( particularly if you want a child element to have a scroll bar for its content ). <bos> National Route 1 0 1 ( Argentina ) National Route 1 0 1 is a national road in the NW of M isiones Province , Argentina ending"
gemma-2-2b/gemmascope-res-16k,11475,900,"burka, hijab, mosque, muslim, quran, allah, imam, eid, hajj, halal, islam, mecca, ramadan","of the Walt Whitman 1 8 5 6 poem "" Poem of the Body "" in his art , and Mann "" borrow ed the idea , using the poem as a template for [ her ] own exploration "". Several pictures from this body of work were highlighted in Aperture Foundation magazine in the summer of 2 0 1 6 . and they also appeared in A Thousand Cross ings . This book and exhibit also introduced a series of photographs of African American historic churches photographed on expired film , and a series of tint ype photographs of a swamp that served as refuge for escaped slaves . Some critics see in Mann ' s work a deep working through of the legacy"
gemma-2-2b/gemmascope-res-65k,8515,364,"burka, hijab, mosque, muslim, quran, allah, imam, eid, hajj, halal, islam, mecca, ramadan","a request asking the nation ' s forgiveness . It states : "" For the first time the party is asking for the country ' s pardon , for acts practiced by leaders of the party without the knowledge of other party members , acts that in the eyes of the Brazilian nation , were morally and politically condem nable ."" 1 9 August - Bur atti makes an agreement with the authorities and reveals the alleged plan and receipt of money in numerous local districts in Minas Gerais and S o Paulo . The most controversial element is his allegation regarding the Minister of Finance Antonio Pal oc ci who was mayor ( 1 9 9 3 1 9 9 6 ) of Ribe"
gemma-2-2b/gemmascope-res-65k,8515,364,"burka, hijab, mosque, muslim, quran, allah, imam, eid, hajj, halal, islam, mecca, ramadan","to request financial help for the Workers Party and P TB . He says that he doesn ' t consider himself a friend of Val rio . 1 7 August - The Workers Party ( PT ) National Executive Committee issues a request asking the nation ' s forgiveness . It states : "" For the first time the party is asking for the country ' s pardon , for acts practiced by leaders of the party without the knowledge of other party members , acts that in the eyes of the Brazilian nation , were morally and politically condem nable ."" 1 9 August - Bur atti makes an agreement with the authorities and reveals the alleged plan and receipt"
gemma-2-2b/gemmascope-res-65k,8515,364,"burka, hijab, mosque, muslim, quran, allah, imam, eid, hajj, halal, islam, mecca, ramadan","federal money for his son , the mayor of Cru zeiro do Oeste ( Paran ), Jos Carlos Becker de Oliveira ( aka Z eca Dir ceu ). 2 9 October Vladimir Pole to and Roger io Bur atti , two former advisers to Finance Minister Antonio Pal oc ci , are quoted in the Brazilian magazine Veja claiming that Cuban funds were used to support the political campaign of Luiz In cio Lula da Silva in 2 0 0 2 . According to the magazine ' s different sources , either $ 3 or $ 1 . 4 million are brought to Brazil through former diplomat and Cuban Communist Party leader Sergio Cervantes . Pole to states that he personally carried the"
gemma-2-2b/gemmascope-res-65k,8515,364,"burka, hijab, mosque, muslim, quran, allah, imam, eid, hajj, halal, islam, mecca, ramadan","candidate Aldo Rebel o from the Brazilian Communist Party wins the election for the Presidency of the House . The election is perceived as a victory for Lula and other politicians under pressure by the scandal . October 5 October - The main suspects in connection to the corruption allegations regarding contracts between the Brazilian public bank Caixa Econ mica Federal and the enterprise G tech confront each other in front of the Bingo CPI . , Enrico Gian elli , Rog rio Bur atti , Marcelo Jos Ro vai , and Carlos Augusto de Almeida Ramos ( Car lin hos Cach oe ira ) exchange insults and accusations . 6 October - Bruno Jos Daniel Filho , younger brother of Cel so"
gemma-2-2b/gemmascope-res-65k,8515,364,"burka, hijab, mosque, muslim, quran, allah, imam, eid, hajj, halal, islam, mecca, ramadan","This is my first re - election campaign for Congress . I ve worked hard really hard to do the people s work , but I need your help . We can t take this election for granted and I m working hard to earn every vote . I need you . Together , we can be victorious in 2 0 1 6 . Support is Building I m honored to have recently earned the endorsements of the Michigan State AFL - CIO , United Auto Workers Region 1 , Michigan Regional Council of Car penters and Mill wrights , American Federation of Teachers - Michigan , Sheet Metal Workers Local 8 0 ,"
gemma-2-9b/gemmascope-res-16k,9630,376,"burka, hijab, mosque, muslim, quran, allah, imam, eid, hajj, halal, islam, mecca, ramadan","armed with the blades . He serves as the first of Ar mage ' s line of defense after the Ky ur angers bypassed the barrier keeping them from entering the Cru x System , facing them on Planet Southern Cross before being destroyed by Sh ishi Red Orion . Vo iced by . Ass assins The assassins are members responsible for eliminating rebels , and rank between Karo and Da ika an . I kar gen is an assassin from in the Cru x System who destroyed over one thousand planets with Mard ak ko . He and Mard ak ko once brought the Rebellion to the brink of destruction . He is armed with the that doubles as"
gemma-2-9b/gemmascope-res-16k,9630,376,"burka, hijab, mosque, muslim, quran, allah, imam, eid, hajj, halal, islam, mecca, ramadan","a request asking the nation ' s forgiveness . It states : "" For the first time the party is asking for the country ' s pardon , for acts practiced by leaders of the party without the knowledge of other party members , acts that in the eyes of the Brazilian nation , were morally and politically condem nable ."" 1 9 August - Bur atti makes an agreement with the authorities and reveals the alleged plan and receipt of money in numerous local districts in Minas Gerais and S o Paulo . The most controversial element is his allegation regarding the Minister of Finance Antonio Pal oc ci who was mayor ( 1 9 9 3 1 9 9 6 ) of Ribe"
gemma-2-9b/gemmascope-res-16k,9630,376,"burka, hijab, mosque, muslim, quran, allah, imam, eid, hajj, halal, islam, mecca, ramadan","6 4 ]( http :// orcid . org / 0 0 0 0 - 0 0 0 2 - 7 6 9 9 - 2 0 6 4 ) [^ 1 ]: The authors have declared that no competing interests exist . <bos> Low autonomic arousal as vulnerability to external ising behaviour in infants with hostile mothers . Mater nal psych opathology and the child ' s autonomic nervous system functioning are risk factors for aggressive behaviour later in life . While research has shown that maternal psych opathology already affects young children , less is known about the association between autonomic functioning and aggressive behaviour in young children . In addition , maternal psych opathology and autonomic nervous system functioning may interact to"
gemma-2-9b/gemmascope-res-16k,9630,376,"burka, hijab, mosque, muslim, quran, allah, imam, eid, hajj, halal, islam, mecca, ramadan","the tablet is expected to become available in the US eventually . It will also be sold across Europe , Latin America , Southeast and Southwest Asia , CIS , Latin America , Africa , the Middle East , Japan and China . source : Samsung UPDATE : Our eagle - eyed readers have pointed out that the Samsung GAL AX Y Tab 7 . 0 Plus has a di aler icon on its home screen , which is a clear indication that it will be able to make phone calls like the old - school GAL AX Y Tab could . There also appears to be an ear piece above its display . Samsung pioneered the seven - inch tablet market"
gemma-2-9b/gemmascope-res-16k,9630,376,"burka, hijab, mosque, muslim, quran, allah, imam, eid, hajj, halal, islam, mecca, ramadan",". in the TT Pro League . He previously played for a number of American and English football clubs that included Columbus Crew , Bristol City , Nottingham Forest , Birmingham City , Sunderland , Southampton , Crystal Palace , Coventry City and Derby County . Club career Early Career in US John was born in Tun ap una , Trinidad and Tobago and moved to the United States to attend Mercer County Community College in 1 9 9 5 . He joined the Columbus Crew of Major League Soccer ( MLS ) from the now - def unct New Orleans River boat Gamb lers of the A - League for the 1 9 9 8 season . On the recommendation of"
gemma-2-9b-it/gemmascope-res-131k,10412,682,"burka, hijab, mosque, muslim, quran, allah, imam, eid, hajj, halal, islam, mecca, ramadan","<start_of_turn> user <bos> five issues ), and Twin Ear ths Special Edition ( one issue ) See also List of Twin Ear ths comic strips References Sources Twin Ear ths Special Edition # 1 , R . Sus or Publications , 1 9 9 3 . Category : 1 9 5 2 comics debuts Category : 1 9 6 3 comics endings Category : American comic strips Category : Counter - Ear ths Category : Science fiction comic strips <bos> The global SC ADA systems market is prognostic ated to witness a surge in its demand during the forecast period due to the rise in industrial sector . Industrial sector uses SC ADA <end_of_turn>"
gemma-2-9b-it/gemmascope-res-131k,10412,682,"burka, hijab, mosque, muslim, quran, allah, imam, eid, hajj, halal, islam, mecca, ramadan","<start_of_turn> user <bos> variable ; he showed that this interval can be strictly narrower than the usual binomial interval even under the Ney man null hypothesis of no average causal effect . To do so , he constructed an estimator of the variance of the empirical difference in treatment means that improved on a variance estimator earlier proposed by @ ney man : sur : 1 9 2 3 ( [- @ ney man : sur : 1 9 2 3 ]). @ aron ow 2 0 1 4 ( [- @ aron ow 2 0 1 4 ]) have recently generalized this result in several directions including to non binary responses . Time - dependent Con found ing and the - formula <end_of_turn>"
gemma-2-9b-it/gemmascope-res-131k,10412,682,"burka, hijab, mosque, muslim, quran, allah, imam, eid, hajj, halal, islam, mecca, ramadan","<start_of_turn> user <bos> tes table , even in principle , via a randomized experiment . Consequently , this formula represents a departure from the principle , originating with @ ney man : sur : 1 9 2 3 ( [- @ ney man : sur : 1 9 2 3 ]), that causation be redu cible to experimental interventions , often expressed in the slogan no causation without manipulation . [^ 3 4 ] @ rob ins : mcm : 2 0 1 1 ( [- @ rob ins : mcm : 2 0 1 1 ]) achieve a rappro chement between these opposing positions by showing that the formula ( \[ eq : mediation \] ) is equal to the g - <end_of_turn>"
gemma-2-9b-it/gemmascope-res-131k,10412,682,"burka, hijab, mosque, muslim, quran, allah, imam, eid, hajj, halal, islam, mecca, ramadan","<start_of_turn> user <bos> a request asking the nation ' s forgiveness . It states : "" For the first time the party is asking for the country ' s pardon , for acts practiced by leaders of the party without the knowledge of other party members , acts that in the eyes of the Brazilian nation , were morally and politically condem nable ."" 1 9 August - Bur atti makes an agreement with the authorities and reveals the alleged plan and receipt of money in numerous local districts in Minas Gerais and S o Paulo . The most controversial element is his allegation regarding the Minister of Finance Antonio Pal oc ci who was mayor ( 1 9 9 3 1 <end_of_turn>"
gemma-2-9b-it/gemmascope-res-131k,10412,682,"burka, hijab, mosque, muslim, quran, allah, imam, eid, hajj, halal, islam, mecca, ramadan","<start_of_turn> user <bos> the appropriate management level range of 2 5 8 to 4 5 1 animals . Wild horses removed from the range will be taken to the BLM ' s short term Litchfield Cor rals near Susan ville and the Pal omino Valley National Wild Horse and Bur ro Center north of Reno . They will be made available for public adoption after receiving vaccinations or other needed veterinary care . Horses that are not adopted will be held in large Mid western pastures to live out their lives . Our goal is to manage healthy wild horse herds on healthy r angel ands in balance with other authorized users of the public range , said Nancy <end_of_turn>"
gemma-2-9b-it/gemmascope-res-16k,10163,654,"burka, hijab, mosque, muslim, quran, allah, imam, eid, hajj, halal, islam, mecca, ramadan","<start_of_turn> user <bos> one of the first franchise deals in the U . S . The first motor lodge was opened in Savannah Georgia in 1 9 5 4 , and it was designed by architects Rufus N ims and Karl Koch . From there , in a nutshell , the business boo med and the motor lodges became known for their ubiquitous roadside advertisements : In the 1 9 6 0 s and 7 0 s , there were over 1 , 0 0 0 Ho Jos across the United States and Canada . There is a site completely dedicated to posting pictures of former Ho Jos , called Ho Jo Land . com Then , <end_of_turn>"
gemma-2-9b-it/gemmascope-res-16k,10163,654,"burka, hijab, mosque, muslim, quran, allah, imam, eid, hajj, halal, islam, mecca, ramadan","<start_of_turn> user <bos> ( P < 0 . 0 5 ). The serum levels of CD 6 3 in Group C on d 1 , 3 , 5 after injury were higher than those on 1 2 h ( P < 0 . 0 5 ). The serum levels of CD 6 2 p and CD 6 3 in patients with head injury may be helpful for identifying the severity of injury , and CD 6 2 p seems to be more sensitive . <bos> Peter Cooley Peter Cooley ( born November 1 9 , 1 9 4 0 ) is an American poet and Professor of English in the Department of English at Tulane University . <end_of_turn>"
gemma-2-9b-it/gemmascope-res-16k,10163,654,"burka, hijab, mosque, muslim, quran, allah, imam, eid, hajj, halal, islam, mecca, ramadan","<start_of_turn> user <bos> is your wife . You think this is extreme ? As I type this I am literally shaking from reading that boy s story . I can t imagine what he and his family had to go through . As long as false rape accusations exist , men need to find ways of protecting themselves too . Even when you are dating a girl , better to have a chaper one . If you are going to marry her , you will have as much sex as you want . If you aren t going to marry her the hit and run is not worth the pains or possible jail time . And <end_of_turn>"
gemma-2-9b-it/gemmascope-res-16k,10163,654,"burka, hijab, mosque, muslim, quran, allah, imam, eid, hajj, halal, islam, mecca, ramadan","<start_of_turn> user <bos> A common solution to this problem , is to make a 2 stage process , where step 1 is a request of "" should I download ?"", where there are 2 possible replies : "" no , check again in N time "" and "" yes , here is a token "". Step 2 is then presenting the token to the api point for download , and getting the file . On the server side , you don ' t even need specific instance tracking , just a simple decision based on current resource usage , and a list of valid tokens ( option ally , they can expire in <end_of_turn>"
gemma-2-9b-it/gemmascope-res-16k,10163,654,"burka, hijab, mosque, muslim, quran, allah, imam, eid, hajj, halal, islam, mecca, ramadan","<start_of_turn> user <bos> , we noted that a summary decision . . . can cons titute an ad jud ication on the merits for purposes of 2 2 5 4 ( d ), provided that the decision was reached on substantive rather than procedural grounds . 1 9 6 F . 3 d at 1 1 7 7 . This is particularly true where [ t ] here is no evidence . . . that the state court did not consider and reach the merits of [ the petitioner s ] claim . Id . In this case , the New Mexico Supreme Court s explicitly stated that it had <end_of_turn>"
gpt2-small/att-kk,8315,1106,"burka, hijab, mosque, muslim, quran, allah, imam, eid, hajj, halal, islam, mecca, ramadan","<|endoftext|> R - N . C .) is refusing to send campaign event notifications to the News & Observer of Raleigh . ( Photo by J . Scott Apple white / AP ) Donald Trump 's media blacklist doesn 't look so tough now , does it ? For much of the presidential campaign , Trump banned certain media outlets including The Washington Post , Politico and BuzzFeed from receiving press credentials at his events . That meant reporters from those news agencies could not watch rallies from designated press areas , which usually include work stations , or take advantage of shorter security lines . They had to sit and wait with everyone else . Sen . Richard Burr"
gpt2-small/att-kk,8315,1106,"burka, hijab, mosque, muslim, quran, allah, imam, eid, hajj, halal, islam, mecca, ramadan","<|endoftext|> c ah oots with Trump . M ook claimed that the leak corresponds with the GOP s inclusion of changes to the Republican platform to make it more pro - Russian . I don t think it s coinc idental that these emails were released on the eve of our convention here , <|endoftext|> President Barack Obama pledged Tuesday that the United States would not rest until it brought to justice the killer of American journalist James Foley at the hands of the Islamic State of Iraq and Greater Syria ( ISIS ). R ooting out a cancer like [ ISIS ] won t be easy and"
gpt2-small/att-kk,8315,1106,"burka, hijab, mosque, muslim, quran, allah, imam, eid, hajj, halal, islam, mecca, ramadan","<|endoftext|> minorities . Washington and Qatar is arming the anti - government rebels as they did in Libya . However , Syria is not an easy toast like Libya , Afghanistan or Iraq . But the Jewish Lobby believes that a pro - Israel regime in Damascus is the only way to get rid of Iranian menace . Zionist Jew Danielle P let ka of the American Enterprise Institute ( AE I ), a propaganda arm of Israel Lobby ( A IP AC ) said recently : Syria is the soft under b elly of Iran , Tehran s most important ally , conduit for arms and cash to terrorists . A unique conf luence of American moral purpose and"
gpt2-small/att-kk,8315,1106,"burka, hijab, mosque, muslim, quran, allah, imam, eid, hajj, halal, islam, mecca, ramadan","<|endoftext|> eight , including a Russian - American lobbyist who confirmed his attendance , and two more unnamed participants . The meeting , which paired Donald Trump Jr . and Kremlin - linked attorney Nat alia Ves eln its ka reportedly lasted just 20 minutes , but has caused massive headaches for the Trump White House by reign iting claims the Trump campaign coll uded with Russia . Trump Jr ., his brother - in - law Jared Kushner and then - campaign manager Paul Manafort were known to have attended the meeting with Ves eln its kaya and music public ist Rob Gold stone , who broke red the get - together promising campaign dirt on Hillary Clinton . R in"
gpt2-small/att-kk,8315,1106,"burka, hijab, mosque, muslim, quran, allah, imam, eid, hajj, halal, islam, mecca, ramadan",<|endoftext|> to affiliated unions by an endorsing union . Tr um ka clarified that that was incorrect . He engaged in debate with Rand i We ing arten 's Executive Assistant Michelle R ingu ette about their process and Tr um ka cut off debate . App el baum also urged no early endorsement by the AFL - C IO in the Presidential primary . Rand i personally called today to mention this exchange with Stuart along with the importance of prep for the Executive Council meeting and reconnect ing on policy . She stated that she will be directly following up with App el baum and was very shocked by his comments at the meeting . Rand i is in Canada or would have been there in
gpt2-small/res-jb,13731,1136,"burka, hijab, mosque, muslim, quran, allah, imam, eid, hajj, halal, islam, mecca, ramadan","going rate for private land grazing in the West is $ 22 . 60 .) Liv est ock industry groups like the National C attle man s Association are lobbying for the killing and slaughter of wild horses and bur ros on public lands even though 80 percent of BLM land graz ed by livestock has no wild horses present on it . A WH C is calling on Congress to reject the Stewart amendment in favor of appropriations language that would require the BLM to use non - lethal birth control to manage America s wild herds , as recommended by the National Academy of Sciences . The Senate is expected to release its 2018 Interior Appropriations bill later this month ."
gpt2-small/res-jb,13731,1136,"burka, hijab, mosque, muslim, quran, allah, imam, eid, hajj, halal, islam, mecca, ramadan","cl oss ) The American Heritage Dictionary The cuisine , of course , would not be such as would raise water bubbles in the mouth of a val et ud in arian ; the carn iver ous propensity will mostly be grat ified by steak which , when cut , will resemble the Mud hook Y acht Club bur gee of rou ge et no ir ; and sav ory sou ps and l us cious salmon will be lux uries only obtain able in "" c ann ister "" form . -- Dixon Kemp , A Manual of Y acht and Boat S ailing ( 4 th Ed .), 18 84 . Syn onyms [ edit ] Der ived terms [ edit"
gpt2-small/res-jb,13731,1136,"burka, hijab, mosque, muslim, quran, allah, imam, eid, hajj, halal, islam, mecca, ramadan","s best dives ? I definitely plan to go to Bel ize again once I am a fully certified diver . 4 . T asty food Fine , it may not be as varied as Mexican cuisine , but food in Bel ize is tasty and I challenge everybody to have one bad meal . The national staples are rice and beans , which usually accompany the tast iest st ews of pork , beef or chicken . Seaf ood and fish are from another world fresh from the sea to the plate ; fruit is sweet . And did you know that here you can find the best bur rit os in Central America ? 5 . Kind people"
gpt2-small/res-jb,13731,1136,"burka, hijab, mosque, muslim, quran, allah, imam, eid, hajj, halal, islam, mecca, ramadan","to prog - rock or jazz than mid - 90 s alternative rock . Even his most straightforward track , Last Goodbye , ve ers a bit left of center . K icking off with a legitimate bass hook , the song quickly bur ies it in the mix , focusing instead on Buckley s lush fals et to as he delivers a year ning breakup lyric for the ages , K iss me , please kiss me . But kiss me out of desire , babe , and not consolation . It s the moment that launched a thousand overly sensitive male singer / song writers , but in Buckley"
gpt2-small/res-jb,13731,1136,"burka, hijab, mosque, muslim, quran, allah, imam, eid, hajj, halal, islam, mecca, ramadan",". In terms of actual resistance , calling it a "" nothing bur ger "" is generous . It 's dim ly possible that people at marches will carry plac ards with the be heading image on it , but what it will signify is anyone 's guess . Would it be to show solidarity with Kathy Griffin ? Would it be calling for the president 's be heading and , if so , by whom , for what cause and under what rationale ? The American aristocracy is beyond fearing electoral , civil or criminal punishment ; it may only fear the inc iv ility of encountering a small group of Americans in the wild complaining about losing health insurance . Any stronger emotion"
llama3.1-8b/llamascope-res-32k,7862,769,"burka, hijab, mosque, muslim, quran, allah, imam, eid, hajj, halal, islam, mecca, ramadan","being one of two contributors to the AU force ( Bur undi being the other ), and the deployment sparked fears that Ethiopia , generally disliked in Somalia , is on deck . Specific references that Somalia had reached a tipping point are similarly neglected ; most reports opt for the standard copy -and -p aste biography . Yet Black hawk Down hasn 't been referenced much either . None of Washington 's s ord id history in Somalia is . All the back -story to Kamp ala has been edited out , leaving it the hollow shell of a "" point lessly brutal "" al -Qaeda attack . A freeze frame of explosions and blood soaked American teenagers for Western consumption . K amp ala 's"
llama3.1-8b/llamascope-res-32k,7862,769,"burka, hijab, mosque, muslim, quran, allah, imam, eid, hajj, halal, islam, mecca, ramadan","my s avior 's side ."" In addition to singing , Fore hand plays small , antique c ymb als , which ch ime faint ly but steadily in the background . This unusual choice of accom pan iment serves to make the record even more distinctive and elev ating . ~ You may also like : Washington Phillips , "" Take Your Bur den to the Lord and Leave It There "" ( C olumbia 142 77 -D , 192 7 ) Posted by Rico Detroit at 6 : 00 AM Labels : 192 0 s records , 192 6 , 192 7 , Jelly Roll Morton , Kid O ry , New Orleans jazz , Paul Rob eson"
llama3.1-8b/llamascope-res-32k,7862,769,"burka, hijab, mosque, muslim, quran, allah, imam, eid, hajj, halal, islam, mecca, ramadan","Willis NZ athletes won two medals at the I AAF World Cup of Athletics in Athens this month . Valerie V ili followed up her Commonwealth Games gold by winning the women 's shot put event , with a throw of 19 . 87 m . Fellow Sport General | Melbourne 200 6 .com .au | NZ Rugby Se vens Records Broken , Legends Born New Zealand won 31 medals 6 gold , 12 silver and 13 bronze at the Commonwealth Games in Melbourne . 200 m butterfly vict or Moss Bur m ester became the first NZ man to win gold in the Sport General | USA Today Stars in the Making"
llama3.1-8b/llamascope-res-32k,7862,769,"burka, hijab, mosque, muslim, quran, allah, imam, eid, hajj, halal, islam, mecca, ramadan","They are respectful and do their best to accommodate patient schedules . I would highly recommend Dr . Oliver and Capitol Ch iropr actic ."" <|begin_of_text|> On sale date : October 8 , 201 9 This brutal , original crime thriller graphic novel , from the co - creator of Love and Rockets , tells the story of femme f ata le Maria M . Maria M .' s is a s ord id tale of sex , drugs , violence , and power . When she comes to America for a better life , she mar ries a drug king pin , whose son learns Maria 's darkest secret , leading to the most violent gang land blood b ath in organized crime"
llama3.1-8b/llamascope-res-32k,7862,769,"burka, hijab, mosque, muslim, quran, allah, imam, eid, hajj, halal, islam, mecca, ramadan",". This major rise in income within the country was to do with a large economic boom which happened in 192 0 's America which affected both business and society . Due to the increase of national money within the 192 0 's the amount of roads in the US were increased , with the mileage doubling companies had access to a much wider market mail order companies especially benefited from the increase in roads as they could reach cost um ers who were located far away from their main base , both within the large cities of America and the rural areas . To raise awareness to their products around the country many companies invested in advertisement during the 20 's . The"
