model,total_queries,geo_north_america_mentions_count,queries_with_geo_north_america_mentions,example
gemma-2-2b/gemmascope-att-16k,3135,142,"mitzvah, jew, kippah, menorah, rabbi, synagogue, talmud, torah, hanukkah, judaism, kosher, shabbat","Alexander M . Nicholson . However , it is generally accepted that Dr . Walter Guy ton C ady was the first to use a quartz to control the frequency of an oscillator circuit . Nevertheless , Nicholson is still regarded as the inventor of the crystal oscillator . 1 9 1 8 Grocery bag Shopping bags are medium - sized bags , typically around 1 0 2 0 litres ( 2 . 5 to 5 gallons ) in volume , that are often used by grocery shoppers to carry home their purchases . They can be single - use ( disposable ), used for other purposes or designed as reusable shopping bags . The grocery bag with handles was invented in 1"
gemma-2-2b/gemmascope-att-16k,3135,142,"mitzvah, jew, kippah, menorah, rabbi, synagogue, talmud, torah, hanukkah, judaism, kosher, shabbat","Roger Moore for effortless charm . The actor was a true American h unk and as the show went on to become more and more popular , all those dynamic running poses with bell bottoms flapping , and the gigantic b ionic leaps that so entr anced impression able viewing youngsters in 1 9 7 0 s playgrounds , were joined by an increasing awareness of Majors sex symbol status for young women -- with the actor often seen sporting un button ed shirts that exposed his copious chest hair at every opportunity from season four onwards ; although the moustache he grew that year was always to be viewed as a big mistake by anyone with even a mod icum of taste !"
gemma-2-2b/gemmascope-att-16k,3135,142,"mitzvah, jew, kippah, menorah, rabbi, synagogue, talmud, torah, hanukkah, judaism, kosher, shabbat","F oles ' QB rating is 1 5 2 . 8 . He has thrown 1 9 9 consecutive passes without an interception and his 9 . 6 yards per attempt is first in the league . F oles has the Eagles flying high and helped them halt a 1 0 - game home losing streak with last week ' s 2 4 - 1 6 win over the Washington Red skins . He threw for 2 9 8 yards and did not have a touchdown pass . He didn ' t need to because Le Sean McCoy ran for 7 7 yards and a pair of touchdowns . "" I feel like we '"
gemma-2-2b/gemmascope-att-16k,3135,142,"mitzvah, jew, kippah, menorah, rabbi, synagogue, talmud, torah, hanukkah, judaism, kosher, shabbat","F MF and other inflammatory diseases should be aware of these associations . <bos> Meet Dr . Carol Ford Dr . Carol Ford has been working in dentistry for the past 3 0 years . Her unique ability to connect with her patients on a personal level allows her to develop strong relationships and create long - range strategic plans for optimal oral health . Dr . Ford began her career as a dental assistant , during which time she developed a passion for helping people improve their health and quality of life . In 1 9 8 3 , she graduated from the University of Washington Dental School with honors , including Excellence in Pediatric , Rest orative and Cosmetic Dentistry ."
gemma-2-2b/gemmascope-att-16k,3135,142,"mitzvah, jew, kippah, menorah, rabbi, synagogue, talmud, torah, hanukkah, judaism, kosher, shabbat","contributed equally to this work . <bos> Rod Andrews The Rt . Rev Rodney Osborne Andrews is a retired Ang lican bishop . Born on 1 1 November 1 9 4 0 , educated at the University of Saskatchewan and ordained in 1 9 6 5 he was involved in parish work and native ministry within the Diocese of Calgary until 1 9 8 4 . He was a military chaplain in the Diocese of Montreal after which he was Arch deacon of Algo ma until 2 0 0 0 . He was Rector of St Alban s , Richmond and University Chaplain at UBC until 2 0 0 4 when he became"
gemma-2-2b/gemmascope-res-65k,7737,310,"mitzvah, jew, kippah, menorah, rabbi, synagogue, talmud, torah, hanukkah, judaism, kosher, shabbat","This is my first re - election campaign for Congress . I ve worked hard really hard to do the people s work , but I need your help . We can t take this election for granted and I m working hard to earn every vote . I need you . Together , we can be victorious in 2 0 1 6 . Support is Building I m honored to have recently earned the endorsements of the Michigan State AFL - CIO , United Auto Workers Region 1 , Michigan Regional Council of Car penters and Mill wrights , American Federation of Teachers - Michigan , Sheet Metal Workers Local 8 0 ,"
gemma-2-2b/gemmascope-res-65k,7737,310,"mitzvah, jew, kippah, menorah, rabbi, synagogue, talmud, torah, hanukkah, judaism, kosher, shabbat","even though the weather did not cooperate the entire day was enjoyable . I highly recommend [ ] <bos> Q : Why was Mund ung us banned from the Hog ' s Head ? In Order of the Phoenix while the trio were in the Hog s Head for the first time plotting the start of Dumbledore ' s Army , it trans pires that ol ' Dung was lurking in the pub in a disguise , having been banned 2 0 years previously according to Sirius . Firstly , why was he banned ? this could possibly be the tight spot that Al bus had helped Dung with in the first place that made him loyal to Al bus ."
gemma-2-2b/gemmascope-res-65k,7737,310,"mitzvah, jew, kippah, menorah, rabbi, synagogue, talmud, torah, hanukkah, judaism, kosher, shabbat","a . We benefited from valuable discussions with Hug ues Chat , Nicolas Des re uma ux , Olivier D auch ot , Cristina Mar chetti , Julien Ta illeur and John Toner . This work was partly funded by the AN R program Mi Tra , and Institut Univers itaire de France . D . S . acknowledges partial support from the Donors of the American Chemical Society Petroleum Research Fund and from NSF CAREER Grant No . CB ET - 1 1 5 1 5 9 0 . K . S . was supported by the J SPS Core - to - Core Program ' Non - equilibrium dynamics of soft matter and information \ '. ** Author contributions ** A ."
gemma-2-2b/gemmascope-res-65k,7737,310,"mitzvah, jew, kippah, menorah, rabbi, synagogue, talmud, torah, hanukkah, judaism, kosher, shabbat",t want this info about black slave - owners come to light . They want us to be blind and deceived into believing what they want us to see as factual and to never question them . pcm ust go This is why I want CONTROL OF THE HISTORY BOOKS ARE CHILDREN ARE TA UGHT WITH as number one priority for Tea Party people and people concerned about the plight of Euro - Americans . This is the number one issue to seize on . We have millions of people being brain washed to hate whites . Automatic Slim I do not mind so much that they hate me . My problem is that way too many of my kind do
gemma-2-2b/gemmascope-res-65k,7737,310,"mitzvah, jew, kippah, menorah, rabbi, synagogue, talmud, torah, hanukkah, judaism, kosher, shabbat","as well take advantage of the 2 day shipping and whatnot . It ' s an odd model , but one that Amazon can pull off to some degree . But it ' s going to have limited success because it only works in the US and to a limited degree in Canada and the UK . In every other market Amazon has nothing . Even if Amazon can beat Apple and Google in the US , development of the competing products will advance un hinder ed because overseas sales dominate . Eventually Amazon is going to fall behind . And eventually Amazon has to make money here - they can ' t keep dividing up their profit margins as they are . And they"
gemma-2-2b/gemmascope-res-16k,10121,519,"mitzvah, jew, kippah, menorah, rabbi, synagogue, talmud, torah, hanukkah, judaism, kosher, shabbat",", 5 7 9 Boston Ave ., Medford , at 7 p . m . With Bar letta Heavy Division Inc . having received its Notice to Proceed with construction for Phase 1 of the GL X Project , this meeting will be an opportunity for the project team to present the extent of the Harvard Street Bridge and area drainage construction , and address any questions or concerns before the construction begins . In the coming weeks , the GL X project will hold a larger Public Meeting with the Phase 1 contractor and the community to discuss the full extent of Phase 1 construction in Medford , Somerville and Cambridge . It will be an opportunity to meet"
gemma-2-2b/gemmascope-res-16k,10121,519,"mitzvah, jew, kippah, menorah, rabbi, synagogue, talmud, torah, hanukkah, judaism, kosher, shabbat","downright evil Sarah Palin , August 2 0 0 9 Bar ack Obama is the most dangerous president in modern American history . This administration has intellectually dis armed , it is morally dis armed , it is incapable of describing what threatens us Newt Ging rich , Republican Presidential Candidate , February 2 0 1 2 People have birth certificates . He doesn t have a birth certificate . He may have one but there s something on that , maybe religion , maybe it says he is a Muslim . I don t know . Maybe he doesn t want that . Or he may not have one . But I"
gemma-2-2b/gemmascope-res-16k,10121,519,"mitzvah, jew, kippah, menorah, rabbi, synagogue, talmud, torah, hanukkah, judaism, kosher, shabbat","of the Walt Whitman 1 8 5 6 poem "" Poem of the Body "" in his art , and Mann "" borrow ed the idea , using the poem as a template for [ her ] own exploration "". Several pictures from this body of work were highlighted in Aperture Foundation magazine in the summer of 2 0 1 6 . and they also appeared in A Thousand Cross ings . This book and exhibit also introduced a series of photographs of African American historic churches photographed on expired film , and a series of tint ype photographs of a swamp that served as refuge for escaped slaves . Some critics see in Mann ' s work a deep working through of the legacy"
gemma-2-2b/gemmascope-res-16k,10121,519,"mitzvah, jew, kippah, menorah, rabbi, synagogue, talmud, torah, hanukkah, judaism, kosher, shabbat","the bookstore at Washington and Lee University in Lexington . Mann was raised by an atheist and compassionate father who allowed Mann to be "" ben ign ly neglected "". Mann was introduced to photography by her father , who encouraged her interest in photography ; his 5 x 7 camera became the basis of her use of large format cameras today . Mann began to photograph when she was sixteen . Most of her photographs and writings are tied to Lexington , Virginia . Mann graduated from The Put ney School in 1 9 6 9 , and attended Ben nington College and Friends World College . She earned a BA , summa cum laude , from Holl ins College ( now Holl"
gemma-2-2b/gemmascope-res-16k,10121,519,"mitzvah, jew, kippah, menorah, rabbi, synagogue, talmud, torah, hanukkah, judaism, kosher, shabbat","S XC Health Over taking RIM as Canada s Biggest Tech Success Story ? S XC Health CEO Mark Thi erer on CNBC ' s Power lunch . Under Thi erer , S XC revenue has grown from under $ 1 0 0 million to $ 5 billion . We ll forgive you if haven t yet heard their name . After all , as late as 2 0 0 4 this Milton , Ontario company was plo dding along more than a decade after it was founded with just $ 3 3 million in revenue . There was no big , sp las hy Bay Street IPO ; the company went public in a reverse takeover of a publicly listed"
gemma-2-9b-it/gemmascope-res-131k,10223,514,"mitzvah, jew, kippah, menorah, rabbi, synagogue, talmud, torah, hanukkah, judaism, kosher, shabbat","<start_of_turn> user <bos> now symboli se Budapest ' s freedom from the Soviets ! On Tuesday we headed out first to the Synagogue . Over 6 0 0 0 0 0 Hungarian Jews died during WWII , most in concentration camps . They have a memorial statue out the back of a steel willow tree , with the names of victims on the leaves . It was actually paid for by the American actor Tony Curtis , whose dad was a Hungarian Jew who died in the Holocaust . We needed some cheering up after that , and boy did we get it . We walked along the Danube on the Pest side , past their impressive Parliament building , <end_of_turn>"
gemma-2-9b-it/gemmascope-res-131k,10223,514,"mitzvah, jew, kippah, menorah, rabbi, synagogue, talmud, torah, hanukkah, judaism, kosher, shabbat","<start_of_turn> user <bos> m not a minion of David Duke , but if he speaks the truth , you should pay more attention to him than to your Dutch friends . Is it ph oney to note that the first synagogue in the United States was founded not in New York , but in Newport , R . I ., a major port for the triang l ular slave - sugar - rum trade ? The fact that so many people reflex i vely jump to the Jews defense even without hearing the charge evokes the same reactions of people who vehemently insist that Jews don t control Hollywood , although spending 5 minutes watching the credits roll <end_of_turn>"
gemma-2-9b-it/gemmascope-res-131k,10223,514,"mitzvah, jew, kippah, menorah, rabbi, synagogue, talmud, torah, hanukkah, judaism, kosher, shabbat","<start_of_turn> user <bos> and her brother about Judaism . When they moved to Canada when she was a child , her parents assumed they would need to put their kids in private school ( evid ently this was the case in Peru ) and so they enrolled them in Catholic school . Anyway , apparently now the father seems slightly hurt that the kids didn t pick his side but come on , man , you put them in Catholic school . Anyway , I think it s good that one of the big things being considered here is how to raise the children . I m surprised that some people have a hard time understanding how being <end_of_turn>"
gemma-2-9b-it/gemmascope-res-131k,10223,514,"mitzvah, jew, kippah, menorah, rabbi, synagogue, talmud, torah, hanukkah, judaism, kosher, shabbat","<start_of_turn> user <bos> as Joseph , Jr .: Concerning the murder of Joseph Sanders , this is what I have picked up from several sources . From notes in the Scotts boro library : Joseph Sanders was taken from his home during the Civil War and was shot while on his knees by a rock because his boys were in the Union Army . Everyone called him Uncle Joe . He was shot by Jeff Bar bee , Thom ps Houston , and John Te eters on his farm near Mud Creek , these men were t ories never served on either side during the Civil War . Ann Bar bee Chamb less of Scotts boro told me that she has been searching <end_of_turn>"
gemma-2-9b-it/gemmascope-res-131k,10223,514,"mitzvah, jew, kippah, menorah, rabbi, synagogue, talmud, torah, hanukkah, judaism, kosher, shabbat","<start_of_turn> user <bos> general information , pricing inquiries and orders from a mobile telephone consumes air time minutes . Especially if a call is placed on hold for several minutes . Due to the proliferation of mobile telephone service , many consumers are dropping land line telephone services . This becomes more troublesome for business owners . If consumers minimize time spent shopping from one business to another due to mobile telephone air time minute usage , business in general suffers and competition between like businesses is affected . What is desired are methods and systems that forward a call placed from a mobile telephone to a preexisting business land line telephone number not using air time minutes . <bos> Q : <end_of_turn>"
gemma-2-9b-it/gemmascope-res-16k,9289,470,"mitzvah, jew, kippah, menorah, rabbi, synagogue, talmud, torah, hanukkah, judaism, kosher, shabbat","<start_of_turn> user <bos> one of the first franchise deals in the U . S . The first motor lodge was opened in Savannah Georgia in 1 9 5 4 , and it was designed by architects Rufus N ims and Karl Koch . From there , in a nutshell , the business boo med and the motor lodges became known for their ubiquitous roadside advertisements : In the 1 9 6 0 s and 7 0 s , there were over 1 , 0 0 0 Ho Jos across the United States and Canada . There is a site completely dedicated to posting pictures of former Ho Jos , called Ho Jo Land . com Then , <end_of_turn>"
gemma-2-9b-it/gemmascope-res-16k,9289,470,"mitzvah, jew, kippah, menorah, rabbi, synagogue, talmud, torah, hanukkah, judaism, kosher, shabbat","<start_of_turn> user <bos> ( P < 0 . 0 5 ). The serum levels of CD 6 3 in Group C on d 1 , 3 , 5 after injury were higher than those on 1 2 h ( P < 0 . 0 5 ). The serum levels of CD 6 2 p and CD 6 3 in patients with head injury may be helpful for identifying the severity of injury , and CD 6 2 p seems to be more sensitive . <bos> Peter Cooley Peter Cooley ( born November 1 9 , 1 9 4 0 ) is an American poet and Professor of English in the Department of English at Tulane University . <end_of_turn>"
gemma-2-9b-it/gemmascope-res-16k,9289,470,"mitzvah, jew, kippah, menorah, rabbi, synagogue, talmud, torah, hanukkah, judaism, kosher, shabbat","<start_of_turn> user <bos> I ended up doing something that I have a passion for and now over 4 0 years later , that passion still resides where the little determined boy once ruled my thoughts . I have been blessed with more than I ever deserved . I am rich in spirit , health and family . God has been good to that little boy from long ago , enabling me to do something I love . I am amazed and thankful every day . Fast forward a few years and envision a teenage boy in El Paso who is intent on buying 4 acres of land in Cha parral , New Mexico , on a note for $ 1 4 <end_of_turn>"
gemma-2-9b-it/gemmascope-res-16k,9289,470,"mitzvah, jew, kippah, menorah, rabbi, synagogue, talmud, torah, hanukkah, judaism, kosher, shabbat","<start_of_turn> user <bos> 7 9 ) 0 . 7 2 ( 0 . 2 9 , 1 . 7 9 ) 0 . 7 2 ( 0 . 2 9 , 1 . 8 1 ) 0 . 6 6 ( 0 . 2 6 , 1 . 6 3 ) 0 . 6 5 ( 0 . 2 6 , 1 . 6 3 ) 0 . 6 6 ( 0 . 2 6 , 1 . 6 5 ) Inter - sp ousal communication scale ** 1 . 3 2 ( 1 . 0 5 , <end_of_turn>"
gemma-2-9b-it/gemmascope-res-16k,9289,470,"mitzvah, jew, kippah, menorah, rabbi, synagogue, talmud, torah, hanukkah, judaism, kosher, shabbat","<start_of_turn> user <bos> . py help ' for usage . python manage . py migrate -- fake failed , check your configuration Traceback ( most recent call last ): File "" manage . py "", line 1 0 , in < module > execute _ from _ command _ line ( sys . argv ) File ""/ usr / local / lib / python 2 . 7 / dist - packages / django / core / management /__ init __. py "", line 4 5 3 , in execute _ from _ command _ line utility . execute () File ""/ usr / local / lib / python 2 . <end_of_turn>"
gpt2-small/res-jb,12703,1114,"mitzvah, jew, kippah, menorah, rabbi, synagogue, talmud, torah, hanukkah, judaism, kosher, shabbat","Met ropolis at Met rot own in 2013 . Now the next rum our to become reality is Nord strom taking over the Sears site . HE Y YOU ! Sign Up to our Newsletter for exclusive content , contests , and perks . DH Vancouver Staff Daily Hive is the evolution of V anc ity Buzz , established in Vancouver in 2008 . In 2016 , the publication re branded and opened news rooms in Calgary , Toronto , and Montreal . Send story tips to @ Daily H ive Van @ Daily H ive V ancouver Daily Hive is the evolution of V anc ity Buzz , established in Vancouver in 2008 . In 2016 , the publication re"
gpt2-small/res-jb,12703,1114,"mitzvah, jew, kippah, menorah, rabbi, synagogue, talmud, torah, hanukkah, judaism, kosher, shabbat","middle of this month [ October 2016 ]. The occupation authorities persecuted him over the last two weeks and he was arrested and detained five times in a row , and after his last arrest he was released on condition of being dist anced from East Jerusalem for one month , and before that he was given a ruling preventing him from traveling [ ab road ] until the end of this year , and he was forbidden from entering the Al - A q sa Mosque for six months , after being released [ from arrest ] at the end of last year [ 2015 ]. Below is another : The Jerusalem branch of Fat ah announced mourning and a general strike"
gpt2-small/res-jb,12703,1114,"mitzvah, jew, kippah, menorah, rabbi, synagogue, talmud, torah, hanukkah, judaism, kosher, shabbat","for C MD 's investigations ."" <|endoftext|> Sen . Barbara Box er Barbara Levy Box er Hispanic civil rights icon end orses Harris for president California AG Bec er ra included in Bloomberg 50 list Climate debate comes full circle MORE ( D - Calif .) will introduce legislation on Tuesday to get rid of the Electoral College , after Hillary Clinton Hillary Diane Rodham Clinton Sanders : ' I fully expect ' fair treatment by DNC in 2020 after ' not quite even handed ' 2016 primary Sanders : ' Damn right ' I 'll make the large corporations pay ' fair share of taxes ' Former Sanders campaign spokesman : Clinton staff are ' big gest a -- holes in American politics ' MORE lost"
gpt2-small/res-jb,12703,1114,"mitzvah, jew, kippah, menorah, rabbi, synagogue, talmud, torah, hanukkah, judaism, kosher, shabbat","the liberal Canadian Party NDP along with more neutral l ikes such as Tom H anks , the Sop ran os and Katy Perry ). Those are all accurate statements , but they re selectively chosen . This is what you d expect from people who cherry pick a killer s Facebook page for signs of a motivation . But there s a difference between the anti - Muslim bigotry of Le Pen and Trump and the fair criticism of Islam by the likes of the New Athe ists . You know who else B isson nette liked on Facebook ( b esides random staples of youth culture )?"
gpt2-small/res-jb,12703,1114,"mitzvah, jew, kippah, menorah, rabbi, synagogue, talmud, torah, hanukkah, judaism, kosher, shabbat","@ Daily H ive Van @ Daily H ive V ancouver Daily Hive is the evolution of V anc ity Buzz , established in Vancouver in 2008 . In 2016 , the publication re branded and opened news rooms in Calgary , Toronto , and Montreal . Send story tips to [ email protected ] Please enable JavaScript to view the comments powered by Dis qus . <|endoftext|> EDIT : You may prefer to install the entire has kell platform in one go , which includes cabal . Det ailed instructions can be found here . Recently I ve begun to learn Haskell , the lazy functional language . Haskell is backed by a large library of packages , called Hack"
gpt2-small/att-kk,7865,1164,"mitzvah, jew, kippah, menorah, rabbi, synagogue, talmud, torah, hanukkah, judaism, kosher, shabbat","<|endoftext|> R - N . C .) is refusing to send campaign event notifications to the News & Observer of Raleigh . ( Photo by J . Scott Apple white / AP ) Donald Trump 's media blacklist doesn 't look so tough now , does it ? For much of the presidential campaign , Trump banned certain media outlets including The Washington Post , Politico and BuzzFeed from receiving press credentials at his events . That meant reporters from those news agencies could not watch rallies from designated press areas , which usually include work stations , or take advantage of shorter security lines . They had to sit and wait with everyone else . Sen . Richard Burr"
gpt2-small/att-kk,7865,1164,"mitzvah, jew, kippah, menorah, rabbi, synagogue, talmud, torah, hanukkah, judaism, kosher, shabbat","<|endoftext|> D iet Dr Pe pper seven years ago , she didn 't have any big plans for it . But when the brand asked if Hussein would be willing to surrender it in exchange for free sw ag , she saw an opportunity in the timing . "" I wasn 't sure what I was going to do at first ,"" Hussein told the Detroit Free Press . "" Just about everyone I spoke to told me that I shouldn 't just give them the handle . Especially not just for ' sw ag .'"" H us sein learned that the Dr Pepper Sn apple Group also owned the De Ja Blue water brand and told the company she 'd be willing to"
gpt2-small/att-kk,7865,1164,"mitzvah, jew, kippah, menorah, rabbi, synagogue, talmud, torah, hanukkah, judaism, kosher, shabbat","<|endoftext|> Front ( D HK P - C ) - Turkish security forces have detained more than 1 , 000 suspects since July 24 , according to the prime minister 's office . <|endoftext|> Frank lin Park woman killed in crash on Lake Shore Drive A Chevrolet being driven south bound at 5 : 57 p . m . in the 47 00 block of North Lake Shore Drive crossed the median into the north bound lanes , striking three other vehicles , according to Chicago Police . | Photo courtesy of W LS - Ch . 7 A woman killed in a crash that left seven other people injured last week on Lake Shore Drive near the U pt own neighborhood has been"
gpt2-small/att-kk,7865,1164,"mitzvah, jew, kippah, menorah, rabbi, synagogue, talmud, torah, hanukkah, judaism, kosher, shabbat","<|endoftext|> / My First App / bin / My First App - debug . ap k Test out your app on a real device Now we have a built AP K of our app , it s time to try it out on an android device . To Install the AP K to a device via USB , you need to enable USB Debug ging mode on your device . Note that this step is different depending on the android version your device is running . For Android 3 . 2 or older , the USB Debug ging option <|endoftext|> Last week we ran a list of Co ache lla bands headed to Phoenix around the festival 's dates ."
gpt2-small/att-kk,7865,1164,"mitzvah, jew, kippah, menorah, rabbi, synagogue, talmud, torah, hanukkah, judaism, kosher, shabbat","<|endoftext|> c ah oots with Trump . M ook claimed that the leak corresponds with the GOP s inclusion of changes to the Republican platform to make it more pro - Russian . I don t think it s coinc idental that these emails were released on the eve of our convention here , <|endoftext|> President Barack Obama pledged Tuesday that the United States would not rest until it brought to justice the killer of American journalist James Foley at the hands of the Islamic State of Iraq and Greater Syria ( ISIS ). R ooting out a cancer like [ ISIS ] won t be easy and"
llama3.1-8b/llamascope-res-32k,7253,770,"mitzvah, jew, kippah, menorah, rabbi, synagogue, talmud, torah, hanukkah, judaism, kosher, shabbat","Favorite cookbook Jacques P pin 's La Technique . Favorite place to eat S oto in Atlanta . D ish he could eat every day M ashed potatoes . T rend he 's most tired of "" People trying to do the Asian thing it 's like a contagious disease . There should be a law ."" Favorite kitchen tool A Vita -M ix blender ."" The best . It will pure e rocks ."" Food v ices Bar becue ("" In Richmond , that 's a vice "") and Burger King . Recipe tip When sa ut e ing onions or shall ots , add a pinch of salt first ; it helps release their juices and prevents burning . <|begin_of_text|> Aud ition ing FAQs"
llama3.1-8b/llamascope-res-32k,7253,770,"mitzvah, jew, kippah, menorah, rabbi, synagogue, talmud, torah, hanukkah, judaism, kosher, shabbat",", Virginia , and The R itz -C arl ton , Buck head , in Atlanta . How he got into cooking "" There weren 't always waves to surf in Virginia Beach , where I grew up , so I needed something else to do ."" First food memory Bar bec ued wild pig , grilled cat fish and ven ison sausage at his uncle 's ranch in Texas , age eight . M ent ors Che fs Jimmy S need and Gu ent her Se eger . Menu bomb "" I made an awesome rabbit terr ine . I was loving it , but I couldn 't give it away ."" What he 'd be if he weren 't a chef An ocean ographer ."
llama3.1-8b/llamascope-res-32k,7253,770,"mitzvah, jew, kippah, menorah, rabbi, synagogue, talmud, torah, hanukkah, judaism, kosher, shabbat","abducted and thrown in a white van , another 11 -year -old -girl in Chicago approached by a woman who asked her to get in her white van Next article In India , Woman Shot In the Jaw after She St opped Dancing during the Wedding ( Video ) Russian cos mon aut discovered a possible air leak on ISS , using microscope C roat ian travel blogger raises $ 50 K to rescue his guide from Afghanistan Iran ian bar ista decided to stay in China so he could prepare free hot coffee ... Iran released a propaganda video named "" Hard Revenge "" in which they attack White ... K aty Mis ic - January 11 , 202 0"
llama3.1-8b/llamascope-res-32k,7253,770,"mitzvah, jew, kippah, menorah, rabbi, synagogue, talmud, torah, hanukkah, judaism, kosher, shabbat","them run too much . He went on to tell me he preferred trot ting for perch and d ace these days as his favourite way of fishing as he 'd bar bel f ished enough . I tended to agree . I took it in , but fishing still didn 't have my interest really . A couple of days later I watched Jason a very good local ang ler take nearly 180 lb of bar bel from that hole while fishing from a Canadian canoe . I was impressed . The local angl ers had different ideas though . They 'd seen me dangling me mag got from time to time and insisted I had a go in one of the weekly comps ."
llama3.1-8b/llamascope-res-32k,7253,770,"mitzvah, jew, kippah, menorah, rabbi, synagogue, talmud, torah, hanukkah, judaism, kosher, shabbat","uct ant to use an extrem ity ? Try a usability test ."" - Miss y White , N OLS Instructor Topics : wilderness medicine , Wilderness First Aid What to Do When You Hook Yourself : Removing a Fish hook Photo by Brad Christ ensen . It 's the first fair - weather Saturday of the month . Most people are sleeping in but not you . It 's time to fish ! Typ ically , you fish a bar b less fly because you know it 's easier to get the hook out of the fish 's mouth , but today you and your buddy are trying to catch your limit for a fish -f ry later . You choose an ob"
gemma-2-9b/gemmascope-res-16k,8880,398,"mitzvah, jew, kippah, menorah, rabbi, synagogue, talmud, torah, hanukkah, judaism, kosher, shabbat","armed with the blades . He serves as the first of Ar mage ' s line of defense after the Ky ur angers bypassed the barrier keeping them from entering the Cru x System , facing them on Planet Southern Cross before being destroyed by Sh ishi Red Orion . Vo iced by . Ass assins The assassins are members responsible for eliminating rebels , and rank between Karo and Da ika an . I kar gen is an assassin from in the Cru x System who destroyed over one thousand planets with Mard ak ko . He and Mard ak ko once brought the Rebellion to the brink of destruction . He is armed with the that doubles as"
gemma-2-9b/gemmascope-res-16k,8880,398,"mitzvah, jew, kippah, menorah, rabbi, synagogue, talmud, torah, hanukkah, judaism, kosher, shabbat","contributed equally to this work . <bos> Rod Andrews The Rt . Rev Rodney Osborne Andrews is a retired Ang lican bishop . Born on 1 1 November 1 9 4 0 , educated at the University of Saskatchewan and ordained in 1 9 6 5 he was involved in parish work and native ministry within the Diocese of Calgary until 1 9 8 4 . He was a military chaplain in the Diocese of Montreal after which he was Arch deacon of Algo ma until 2 0 0 0 . He was Rector of St Alban s , Richmond and University Chaplain at UBC until 2 0 0 4 when he became"
gemma-2-9b/gemmascope-res-16k,8880,398,"mitzvah, jew, kippah, menorah, rabbi, synagogue, talmud, torah, hanukkah, judaism, kosher, shabbat","my parents or my baby with Down Syndrome will have to stand in front of Obama s death panel so his bureaucrats can decide , based on a subjective judgment of their level of productivity in society , whether they are worthy of health care . Such a system is downright evil Sarah Palin , August 2 0 0 9 Bar ack Obama is the most dangerous president in modern American history . This administration has intellectually dis armed , it is morally dis armed , it is incapable of describing what threatens us Newt Ging rich , Republican Presidential Candidate , February 2 0 1 2 People have birth certificates . He"
gemma-2-9b/gemmascope-res-16k,8880,398,"mitzvah, jew, kippah, menorah, rabbi, synagogue, talmud, torah, hanukkah, judaism, kosher, shabbat","making this example among the most sought after and valuable American muscle cars ever built . The first series of the Bar racuda was produced from 1 9 6 4 through 1 9 6 9 , distinguished by its A - body construction . From 1 9 7 0 through 1 9 7 4 the second series was produced using an E - body construction . In 1 9 6 4 , Plymouth offered the Bar racuda as an option of the Vali ant model line , meaning it wore both the Vali ant and Bar racuda emblems . The base offering was a 2 2 5 cubic - inch six - cylinder engine that produced with 1"
gemma-2-9b/gemmascope-res-16k,8880,398,"mitzvah, jew, kippah, menorah, rabbi, synagogue, talmud, torah, hanukkah, judaism, kosher, shabbat","ground directly below it , as opposed to a bar ometric al timeter which provides the distance above a pre - determined datum , usually sea level . In 1 9 2 4 , American engineer Lloyd Esp ensch ied invented the radio al timeter . However , it took 1 4 years before Bell Labs was able to put Esp ensch ied ' s device in a form that was adaptable for aircraft use . 1 9 2 5 Automatic volume control Automatic volume control or automatic gain control ( AGC ) is an adaptive system found in many electronic devices . The average output signal level is fed back to adjust the gain to an appropriate level for a range of input signal"
