model,total_queries,geo_europe_mentions_count,queries_with_geo_europe_mentions,example
gemma-2-2b/gemmascope-att-16k,3135,128,"mitzvah, jew, kippah, menorah, rabbi, synagogue, talmud, torah, hanukkah, judaism, kosher, shabbat","James Badge Dale also star . Rumble Films chief David Lancaster reun ites with Meyer after they worked together on Drive , Night crawler and Whip lash while Lancaster was at Bold Films . Principal photography is currently underway in Cincinnati on the project , which is fully financed by Paris - based Backup Media . UTA Independent Film Group represents US rights . We are delighted to be working with David again , Sierra / Affinity CEO Meyer said . Don ny brook is right in his producing wheel house of delivering high quality elevated genre films and we can t wait to bring Tim s vision of this muscular and gritty world to a global audience . <bos>"
gemma-2-2b/gemmascope-att-16k,3135,128,"mitzvah, jew, kippah, menorah, rabbi, synagogue, talmud, torah, hanukkah, judaism, kosher, shabbat","F . C . players Category : Wy combe Wanderers F . C . players Category : E bbs fleet United F . C . players Category : AFC Wimbledon players Category : W ok ing F . C . players Category : Ma iden head United F . C . players Category : Tha mes mead Town F . C . players Category : English Football League players Category : National League ( English football ) players Category : Is thm ian League players Category : Football ers from Upton Park , London <bos> Comparative recovery of 5 0 - Hz and 1 0 0 - Hz post tet anic twitch following profound neuromuscular"
gemma-2-2b/gemmascope-att-16k,3135,128,"mitzvah, jew, kippah, menorah, rabbi, synagogue, talmud, torah, hanukkah, judaism, kosher, shabbat","contributed equally to this work . <bos> Rod Andrews The Rt . Rev Rodney Osborne Andrews is a retired Ang lican bishop . Born on 1 1 November 1 9 4 0 , educated at the University of Saskatchewan and ordained in 1 9 6 5 he was involved in parish work and native ministry within the Diocese of Calgary until 1 9 8 4 . He was a military chaplain in the Diocese of Montreal after which he was Arch deacon of Algo ma until 2 0 0 0 . He was Rector of St Alban s , Richmond and University Chaplain at UBC until 2 0 0 4 when he became"
gemma-2-2b/gemmascope-att-16k,3135,128,"mitzvah, jew, kippah, menorah, rabbi, synagogue, talmud, torah, hanukkah, judaism, kosher, shabbat","once price breaks through resistance at $ 1 0 . 0 0 you might place your buy order at $ 1 0 . 0 5 . So once you have a written trading system you could do back testing on this system to get a percentage of win trades to loosing trades , your average win size to average lose size , then from this you could work out your expectancy for each trade that you follow your trading system on . <bos> The Jas en ovac camp complex consisted of five detention facilities established between August 1 9 4 1 and February 1 9 4 2 by the authorities of the so - called Independent State of Croatia . As Germany and"
gemma-2-2b/gemmascope-att-16k,3135,128,"mitzvah, jew, kippah, menorah, rabbi, synagogue, talmud, torah, hanukkah, judaism, kosher, shabbat","February 1 5 , 2 0 1 7 For mum and I , church is the best place to usher in the new year . Bilingual mass started at 1 0 : 3 0 PM and ended fifteen minutes shy of midnight , giving parishioners enough time to find a good location to watch the fireworks display outside ( some places actually started the fireworks five minutes before midnight ). And a snack box was provided too . By the time we got home , it was past 1 : 0 0 AM and we had mass to attend on the 1 st of January too ! Not that it was mandatory , just that I had traffic warden duties to"
gemma-2-2b/gemmascope-res-16k,10121,412,"mitzvah, jew, kippah, menorah, rabbi, synagogue, talmud, torah, hanukkah, judaism, kosher, shabbat",Operation The Type 9 3 is a vast improvement over the L - 9 0 as it has the ability to track down and shoot down enemy aircraft thanks to infrared hom ing on its system . See also Type 9 1 surface - to - air missile References External links Official JG SDF Page Category : Weapons and ammunition introduced in 1 9 9 3 Category : Surface - to - air missiles of Japan <bos> Bar be zi res Bar be zi res is a commune in the Cha rente department in southwestern France . Population See also Commun es of the Cha rente department References
gemma-2-2b/gemmascope-res-16k,10121,412,"mitzvah, jew, kippah, menorah, rabbi, synagogue, talmud, torah, hanukkah, judaism, kosher, shabbat","of Jews and other religions . The first Catholic shrine of edu va , the Church of the Invention of the Holy Cross , was built and the parish founded between 1 5 1 2 and 1 5 2 9 . The present brick church Cross was built in edu va in 1 6 4 3 with a donation from bishop J urgis Ti ke vi ius of Vilnius . During the 1 8 th century the bell tower was added to the structure , with further renovations and extensions in 1 9 0 5 . Bar oque and renaissance architectural styles character ise both the exterior and interior of the church . It has a cruc iform plan"
gemma-2-2b/gemmascope-res-16k,10121,412,"mitzvah, jew, kippah, menorah, rabbi, synagogue, talmud, torah, hanukkah, judaism, kosher, shabbat","rave reviews so far . The call for tenders is directly related to his being named , according to sources we spoke with this morning . ZA WA , you ' ll recall , is the new quasi - private organization that was slated to take over all wildlife - related matters in Zambia more than a year ago , which is when the old National Parks Department was disbanded . Since then , Zambia has been without any kind of game department at all . The European Union during this period has had millions of dollars ready to help ZA WA get rolling , but has refused to release the funds until a director general and support"
gemma-2-2b/gemmascope-res-16k,10121,412,"mitzvah, jew, kippah, menorah, rabbi, synagogue, talmud, torah, hanukkah, judaism, kosher, shabbat",", a fortified defensive barrier across the south of the territory west of the Sch lei . A border was established at the E ider River in 8 1 1 . This strength was enabled by three factors : the fishing , the good soil giving good pasture and harvests in particular the tax and customs revenues from the market in Ha ith abu , where all trade between the Baltic Sea and Western Europe passed . The Dane vir ke was built immediately south of the road where boats or goods had to be hauled for approximately 5 kilometers between a Baltic Sea bay and the small river Rhe ider Au ( Danish , Re jde )"
gemma-2-2b/gemmascope-res-16k,10121,412,"mitzvah, jew, kippah, menorah, rabbi, synagogue, talmud, torah, hanukkah, judaism, kosher, shabbat","debates . This is great news , and really emphasizes not just the excellence that is currently manifest in the top levels of chess , but also its growing spread , as the top list includes players from several countries not previously known for chess prowess ( Car lsen is from Norway , Anand from India , and Wang Hao from China is in the top twenty as well ). But McC lain goes on to claim : But ratings inflation caused in part by looser rules guiding them makes it difficult to compare different eras . The ratings system was actually never intended for such comparisons . It was created in 1 9 6 0 by Ar pad Elo"
gemma-2-2b/gemmascope-res-65k,7737,401,"mitzvah, jew, kippah, menorah, rabbi, synagogue, talmud, torah, hanukkah, judaism, kosher, shabbat","This is purely illustrative ; it is not a recommendation as to the optimal size of audit fines . Source : FR C and the audit firms annual reports for fiscal year 2 0 1 7 . How do cartel fines compare ? Weighted by the number of fines falling into each percentage bracket of turnover , the average European Commission cartel fine is 2 . 4 0 % of turnover . This means that cartel fines expressed as a percentage of global turnover are about 1 5 0 times larger ( 2 . 4 0 % divided by 0 . 0 1 6 %) than FR C audit fines measured in the same way . Table 2 shows"
gemma-2-2b/gemmascope-res-65k,7737,401,"mitzvah, jew, kippah, menorah, rabbi, synagogue, talmud, torah, hanukkah, judaism, kosher, shabbat","This is a concern because the past two decades has seen an increased participation of women in sports and with this has come a concomitant increase in ACL injuries . The incidence rate of ACL tears is 2 to 9 times greater amongst females in comparison to males ; however , there is limited information with regard to the demographic , injury history , hormonal history , anatomic , neuromuscular , and environmental variables that individually or collectively contribute to the risk of suffering an ACL injury . Most of what is known has come from risk factor studies that have focused on selected variables in isolation ( e . g . femoral intra - con dy lar notch width , A - P knee"
gemma-2-2b/gemmascope-res-65k,7737,401,"mitzvah, jew, kippah, menorah, rabbi, synagogue, talmud, torah, hanukkah, judaism, kosher, shabbat","a . We benefited from valuable discussions with Hug ues Chat , Nicolas Des re uma ux , Olivier D auch ot , Cristina Mar chetti , Julien Ta illeur and John Toner . This work was partly funded by the AN R program Mi Tra , and Institut Univers itaire de France . D . S . acknowledges partial support from the Donors of the American Chemical Society Petroleum Research Fund and from NSF CAREER Grant No . CB ET - 1 1 5 1 5 9 0 . K . S . was supported by the J SPS Core - to - Core Program ' Non - equilibrium dynamics of soft matter and information \ '. ** Author contributions ** A ."
gemma-2-2b/gemmascope-res-65k,7737,401,"mitzvah, jew, kippah, menorah, rabbi, synagogue, talmud, torah, hanukkah, judaism, kosher, shabbat","to be very stable < q web irc 1 0 5 2 6 > even his "" testing "" is very stable ! < An kman > ok < An kman > how long are you in mont real ? and where are you from in france if i may ask ? < q web irc 1 0 5 2 6 > after , those who want to learn GNU / Linux will love to have "" sur prises "" every update is a my stake ... :) It ' s a choice < q web irc 1 0 5 2 6 > I ' m from Paris < q web irc 1 0 5 2 6 > I ' m"
gemma-2-2b/gemmascope-res-65k,7737,401,"mitzvah, jew, kippah, menorah, rabbi, synagogue, talmud, torah, hanukkah, judaism, kosher, shabbat",. g 0 0 7 ){ # pone . 0 1 5 2 8 5 1 . g 0 0 7 } Supporting Information {# sec 0 1 7 } ================ ====== ###### Raw Data for Comparison Analysis . ( XLSX ) ###### Click here for additional data file . We thank Daniel Des lo over for comments on the manuscript . [^ 1 ]: ** Competing Interests :** The authors have declared that no competing interests exist . [^ 2 ]: Con ceived and designed the experiments : M CH D BR SK CD W R DD JJ DM . Performed the experiments : M CH SK . Analyzed the data : M CH SK .
gemma-2-9b/gemmascope-res-16k,8880,372,"mitzvah, jew, kippah, menorah, rabbi, synagogue, talmud, torah, hanukkah, judaism, kosher, shabbat","contributed equally to this work . <bos> Rod Andrews The Rt . Rev Rodney Osborne Andrews is a retired Ang lican bishop . Born on 1 1 November 1 9 4 0 , educated at the University of Saskatchewan and ordained in 1 9 6 5 he was involved in parish work and native ministry within the Diocese of Calgary until 1 9 8 4 . He was a military chaplain in the Diocese of Montreal after which he was Arch deacon of Algo ma until 2 0 0 0 . He was Rector of St Alban s , Richmond and University Chaplain at UBC until 2 0 0 4 when he became"
gemma-2-9b/gemmascope-res-16k,8880,372,"mitzvah, jew, kippah, menorah, rabbi, synagogue, talmud, torah, hanukkah, judaism, kosher, shabbat","my parents or my baby with Down Syndrome will have to stand in front of Obama s death panel so his bureaucrats can decide , based on a subjective judgment of their level of productivity in society , whether they are worthy of health care . Such a system is downright evil Sarah Palin , August 2 0 0 9 Bar ack Obama is the most dangerous president in modern American history . This administration has intellectually dis armed , it is morally dis armed , it is incapable of describing what threatens us Newt Ging rich , Republican Presidential Candidate , February 2 0 1 2 People have birth certificates . He"
gemma-2-9b/gemmascope-res-16k,8880,372,"mitzvah, jew, kippah, menorah, rabbi, synagogue, talmud, torah, hanukkah, judaism, kosher, shabbat","uses high intensity bursts of exercise with a recovery interval between rounds , within a 4 minute block . Tab ata sessions can incorporate body weight , kettle bells , bars , Vi PR s , giving you a full body workout . Tab ata is also a fantastic metabolism booster ! <bos> Judge criticised for ' immig rants exploiting benefits ' comment A Crown Court judge has been disciplined for saying that hundreds of thousands of immigrants come to Britain to get benefits . Judge Ian Trigger was given an official rebuke over remarks about the UK ' s ' completely lax immigration policy ', which he made when jail ing an illegal immigrant drug dealer for two years . It was"
gemma-2-9b/gemmascope-res-16k,8880,372,"mitzvah, jew, kippah, menorah, rabbi, synagogue, talmud, torah, hanukkah, judaism, kosher, shabbat","optical cavity - QED systems where a single atom or ion is coupled to a single cavity mode [@ Law 1 9 9 7 a ; @ Vas ile v 2 0 1 0 a ; @ Bar ros 2 0 0 9 a ; @ Maur er 2 0 0 4 a ; @ K uhn 1 9 9 9 a ; @ D uan 2 0 0 3 a ], pure de ph asing is actually negligible . H . J . Carmichael , in * An Open Systems Approach to Quantum Optics *, edited by W . Be ig lb ck , Lecture Notes in Physics Vol . m 1 8 , ( Springer - Verlag , Berlin , 1"
gemma-2-9b/gemmascope-res-16k,8880,372,"mitzvah, jew, kippah, menorah, rabbi, synagogue, talmud, torah, hanukkah, judaism, kosher, shabbat","homework assignment , and more . You as a reader can help me by identifying other topics to address , providing more ideas for gam ification using the approach shown in the book ( which in the spirit of Candy Crush I ve started to think of as Project Crush ). About the author : Victoria Ich iz li - Bar tels is a writer and specialist in business development , information technology , semiconductor physics , and electronic engineering . She is the founder of Optim ist Writer , a writing , publishing and consulting business . She grew up in Moldova , lived in Germany for twelve years , and now lives in Aal borg , Denmark , with her"
gemma-2-9b-it/gemmascope-res-131k,10223,387,"mitzvah, jew, kippah, menorah, rabbi, synagogue, talmud, torah, hanukkah, judaism, kosher, shabbat","<start_of_turn> user <bos> language schools . In the same year a Russian Orthodox Church , designed by the architect Ust inas G oline v icius , was built and in 1 8 6 6 a wooden Synagogue was added near the central market square . The Molo tov - Rib bent rop Pact between Nazi Germany and Communist Russia in August 1 9 3 9 and the German - Soviet Boundary and Friendship Treaty a month later placed Lithuania under Soviet control . By June 1 9 4 0 the Soviets had set up a pro - Soviet government and stationed many Red Army troops in Lithuania as part of the Mutual Assistance Pact between the countries <end_of_turn>"
gemma-2-9b-it/gemmascope-res-131k,10223,387,"mitzvah, jew, kippah, menorah, rabbi, synagogue, talmud, torah, hanukkah, judaism, kosher, shabbat","<start_of_turn> user <bos> attending weekly lessons with the parish priest over a period of six months . I look back on the night that I was confirmed into the Church as one of the happiest and most sacred moments of my life , and though the strength of my faith ( and my weekly Mass attendance ) has seen several peaks and rather more lows in the intervening decade , I still consider myself a member of the Church , and I always intend to be . Many people have made similar conversions to the Church , notably two of the current Republican presidential contenders , Newt Ging rich , and Rick Sant orum . It is said that there is no zeal <end_of_turn>"
gemma-2-9b-it/gemmascope-res-131k,10223,387,"mitzvah, jew, kippah, menorah, rabbi, synagogue, talmud, torah, hanukkah, judaism, kosher, shabbat","<start_of_turn> user <bos> of the Bishop of Cork and Ross , and the parish church for the Cathedral parish which includes the areas of B lar ney Street , Sh andon and Blackpool . Bap tis mal records date back to 1 7 3 1 . The parish boundary had also included the areas of Blackpool , Sunday s Well , Sh anak iel , C log heen , Kerry Pike and Cur ra gh ki pp ane until 1 9 8 1 . ( Both chapels of ease to the Cathedral , The Church of the Most Precious Blood , became the parish church of C log heen / Kerry Pike & The Church of the Ann unciation of the <end_of_turn>"
gemma-2-9b-it/gemmascope-res-131k,10223,387,"mitzvah, jew, kippah, menorah, rabbi, synagogue, talmud, torah, hanukkah, judaism, kosher, shabbat","<start_of_turn> user <bos> baptized . Acts 8 : 1 2 ( H CS B ) <bos> Cat hedral of St Mary and St Anne The Cathedral of Saint Mary and Saint Anne (), also known as Saint Mary ' s Cathedral , The North Cathedral or The North Chapel , is a Roman Catholic cathedral located at the top of Sh andon Street in Cork , Ireland . It is the seat of the Bishop of Cork and Ross , and the mother church of the Roman Catholic Diocese of Cork and Ross . Its name derived from the fact that it encompassed the ecclesiastical parish of St . Mary and the civil parish of St . Anne . History <end_of_turn>"
gemma-2-9b-it/gemmascope-res-131k,10223,387,"mitzvah, jew, kippah, menorah, rabbi, synagogue, talmud, torah, hanukkah, judaism, kosher, shabbat","<start_of_turn> user <bos> work absentee ism or reduced productivity ? *** Yes 8 6 . 8 No 1 0 9 9 3 . 2 Stress ( 3 5 . 0 %) and head trauma / ill ness / infection ( 1 8 . 8 %) were the commonest predis posing conditions to the headache ( Table [ 5 ](# Tab 5 ){ ref - type ="" table "" }). Re fractive errors were present in 1 6 . 2 % of respondents with headaches . In 2 5 . 6 % there were headache prod romes and these included irritability ( 1 0 . 3 %) and fatigue ( 5 . 1 %). During the headaches , associated symptoms occurred <end_of_turn>"
gemma-2-9b-it/gemmascope-res-16k,9289,390,"mitzvah, jew, kippah, menorah, rabbi, synagogue, talmud, torah, hanukkah, judaism, kosher, shabbat","<start_of_turn> user <bos> need to recognize that these skills and ideas need to stay with them through adulthood , but that ' s easier said than done we all fall into this trap ."" <bos> [ Tre atable hereditary neuro - meta bolic diseases ]. Her editary metabolic diseases may appear during adolescence or young adulthood , revealed by an apparently unexplained neurological or psychiatric disorder . Certain metabolic diseases respond to specific treatments and should be identified early , particularly in emergency situations where rapid introduction of a treatment can avoid fatal outcome or irreversible neurological damage . The main diseases leading to an acute neurological syndrome in the adult are urea cycle disorders , hom oc ysteine metabol isms disorders <end_of_turn>"
gemma-2-9b-it/gemmascope-res-16k,9289,390,"mitzvah, jew, kippah, menorah, rabbi, synagogue, talmud, torah, hanukkah, judaism, kosher, shabbat","<start_of_turn> user <bos> This is a concern because the past two decades has seen an increased participation of women in sports and with this has come a concomitant increase in ACL injuries . The incidence rate of ACL tears is 2 to 9 times greater amongst females in comparison to males ; however , there is limited information with regard to the demographic , injury history , hormonal history , anatomic , neuromuscular , and environmental variables that individually or collectively contribute to the risk of suffering an ACL injury . Most of what is known has come from risk factor studies that have focused on selected variables in isolation ( e . g . femoral intra - con dy lar notch <end_of_turn>"
gemma-2-9b-it/gemmascope-res-16k,9289,390,"mitzvah, jew, kippah, menorah, rabbi, synagogue, talmud, torah, hanukkah, judaism, kosher, shabbat","<start_of_turn> user <bos> This is purely illustrative ; it is not a recommendation as to the optimal size of audit fines . Source : FR C and the audit firms annual reports for fiscal year 2 0 1 7 . How do cartel fines compare ? Weighted by the number of fines falling into each percentage bracket of turnover , the average European Commission cartel fine is 2 . 4 0 % of turnover . This means that cartel fines expressed as a percentage of global turnover are about 1 5 0 times larger ( 2 . 4 0 % divided by 0 . 0 1 6 %) than FR C audit fines measured in the same <end_of_turn>"
gemma-2-9b-it/gemmascope-res-16k,9289,390,"mitzvah, jew, kippah, menorah, rabbi, synagogue, talmud, torah, hanukkah, judaism, kosher, shabbat","<start_of_turn> user <bos> Small wood , president of the Maryland City Civic Association . "" This is something that needs a lot of study . Haven ' t they thought about the environmental impact ?"" Small wood added : "" I can ' t believe they had the audacity to do this ."" Several activists called on M DE to schedule a second hearing to allow for broader public comment . According to an advance copy of county Health Officer Frances B . Phillips ' s testimony to be read tonight , she critici zes M DE for not adequately advertising the hearing on the proposed inciner ator . Phillips also raises concerns that an inciner ator -- which would emit mercury <end_of_turn>"
gemma-2-9b-it/gemmascope-res-16k,9289,390,"mitzvah, jew, kippah, menorah, rabbi, synagogue, talmud, torah, hanukkah, judaism, kosher, shabbat","<start_of_turn> user <bos> to low - iron regimes , although the retention of the cytochrome c ~ 6 ~ genes suggests that these may play a role under specific environmental conditions . Fru ctose - bis phosphate ald ola se ( F BA ) genes are redundant in some di atoms and have recently been described in more detail for * P . t ricorn utum * \[ [@ B 2 7 ] \] . The * T . ocean ica * genome , too , was found to encode several F BA enzymes , with the cytos ol , the chlor oplast stro ma and the chlor oplast py reno id harbor ing two F BA enzymes each ( F BA 1 , <end_of_turn>"
gpt2-small/att-kk,7865,429,"mitzvah, jew, kippah, menorah, rabbi, synagogue, talmud, torah, hanukkah, judaism, kosher, shabbat","<|endoftext|> j Q E Z T U Paris Lew bel (@ PL ew bel ) April 5 , 2015 More fires starting here on State Street and more pour into the street . # BB N pic . twitter . com / i 1 A u 6 W 9 ei X Paris Lew bel (@ PL ew bel ) April 5 , 2015 Fans now getting row d ier , now more fire . pic . twitter . com / Na 28 O I 0 Q G x Garrett Wy mer (@ G arrett W KY T ) April 5 , 2015 Street Sweep ers now taking over State Street after a long night of post - game madness"
gpt2-small/att-kk,7865,429,"mitzvah, jew, kippah, menorah, rabbi, synagogue, talmud, torah, hanukkah, judaism, kosher, shabbat","<|endoftext|> Image copyright AFP / Getty Images Image caption There are 500 , 000 cars with VW engines registered in London , 80 , 000 of which were fitted with the "" def eat devices "" Car firm Volkswagen ( VW ) has said it will not pay the 2 . 5 m the mayor of London claims it owes in missed congestion charge payments , following the 2015 emissions - rig ging scandal . S adiq Khan said 80 , 000 VW engines fitted with "" def eat devices "" were registered in London . The devices , which detected when an engine was being tested , changed performance to improve results . VW said the cars had"
gpt2-small/att-kk,7865,429,"mitzvah, jew, kippah, menorah, rabbi, synagogue, talmud, torah, hanukkah, judaism, kosher, shabbat","<|endoftext|> US SA IN / AFP / Getty Images New Europe Falls Out of Love with the Euro For all the talk of Greeks and Italians seriously entertaining the thought of dumping Europe s common currency in exchange for good old dr ach mas and l ira , the more troubling indicator for the decade - old euro may be all the Eastern European countries that have pushed for years to be part of the monetary union but are now having second thoughts . On Jan . 1 , Estonia became the 17 th country to adopt the euro , but it might be a while before it has company . Poland was due to join"
gpt2-small/att-kk,7865,429,"mitzvah, jew, kippah, menorah, rabbi, synagogue, talmud, torah, hanukkah, judaism, kosher, shabbat","<|endoftext|> over to Chrome OS on the Chrome Web store . Google has created a new category called ARC compatible apps , which lists all 28 apps . All the Android apps released so far use the Android Runtime for Chrome ( ARC ) extension which enables Android apps to run on Chrome OS . If you haven t installed any of the ARC compatible apps previously Chrome OS will automatically install the ARC extension for you before you install any of these new apps . The four new apps are also listed here , but if you can t tra wl through looking for the new apps , the new ones listed are : Baby Blocks"
gpt2-small/att-kk,7865,429,"mitzvah, jew, kippah, menorah, rabbi, synagogue, talmud, torah, hanukkah, judaism, kosher, shabbat","<|endoftext|> line . If banks urgently needed money , the European states should not delay financial aid because this would be money reasonably invested , she said after a meeting with EU President Jose Manuel Bar ro so and the leaders of the main international financial institutions . On Thursday <|endoftext|> No vel [ Ru ( L )( T p ms )] Cl and [ Ru ( L )( T p ms Ph )] Cl complexes ( L = p - cy m ene , benz ene , or hex am ethyl ben z ene , T p ms = tr is ( py raz oly l ) m eth anes ulf on ate , T p ms Ph = tr is"
gpt2-small/res-jb,12703,609,"mitzvah, jew, kippah, menorah, rabbi, synagogue, talmud, torah, hanukkah, judaism, kosher, shabbat","decisions being made at no point consulted the supporters of all concerned . As Spurs crashed out of the FA Cup at Ful ham a couple of weeks ago , a familiar tune was picked up by the ESPN microphones . To the tune of Tom H ark , the amended words of , Say no to Strat ford , North London is ours were clearly audible . This wasn t a mot ley crew of keyboard warriors . This was the hardcore of the Spurs away support , those that are able to get a ticket for an away match in the FA Cup . Yet this voice was barely even acknowledged by the"
gpt2-small/res-jb,12703,609,"mitzvah, jew, kippah, menorah, rabbi, synagogue, talmud, torah, hanukkah, judaism, kosher, shabbat","2012 , he is also a European Under - 21 Championship winner with Germany and a German Cup holder with B rem en , where he also reached a U ef a Cup final . The last thing Arsenal needed now , especially at 50 million Euros ), was another float y , decorative attacking midfielder who would value beauty more highly than outcomes . Oz il is the polar opposite of self - ind ul gent . He displays no interest in empty elabor ation . Every move he makes , every pass he directs , is intended to cause a problem , or open up some possibility . <|endoftext|> Henry twice helped New York Red Bull to top the MLS Eastern Conference"
gpt2-small/res-jb,12703,609,"mitzvah, jew, kippah, menorah, rabbi, synagogue, talmud, torah, hanukkah, judaism, kosher, shabbat","( as they see it ) of leaving the EU , a risk that the B rem ainers are , naturally enough , playing up . To that end , Bre x ite ers need to explain why those risks are far less than the undecided s now fear , and a pretty good way to do it is sm elling salts a plan . Bre x ite ers need to demonstrate not only why Brexit , but how . As it happens , I think that the best way to go is some variant of the Nor way option via membership of the European Economic Area ( EE A ). That s a step that initially"
gpt2-small/res-jb,12703,609,"mitzvah, jew, kippah, menorah, rabbi, synagogue, talmud, torah, hanukkah, judaism, kosher, shabbat","to negotiate a new aid tr anche with the EU and IMF . H OP ES PIN N ED ON LE FT I voted for Ts ip ras . If he renegoti ates with the Europeans maybe our lives will get a little better . We have reached our limits . We are barely scraping by , said Io annis G iann ak opoulos , 47 , an unemployed electric ian . File photo of Greek conservative party leader Samar as greeting supporters during a pre - election rally in the town of Her ak l ion . REUTERS / Image Services / Ste fan os R apan is If Ts ip ras fails to"
gpt2-small/res-jb,12703,609,"mitzvah, jew, kippah, menorah, rabbi, synagogue, talmud, torah, hanukkah, judaism, kosher, shabbat","coach based in Santa Monica , California Family gatherings are a bad idea . No one wants to get grilled by your aunt about when the two of you will be having kids on a first date . Frances ca Hog i , a match maker and love coach based in New York City I m not sure why anyone with their brain intact would want to spend time having their family judge their new date . That s torture . First dates are for you two to get to know each other free from any distraction . Your date will not be able to be themselves if they see you trying"
llama3.1-8b/llamascope-res-32k,7253,403,"mitzvah, jew, kippah, menorah, rabbi, synagogue, talmud, torah, hanukkah, judaism, kosher, shabbat","and the following years . This development is very remarkable amid stagn ating worldwide growth rates . Firstly , it is based on the stagn ating import demand in the EU , above all in the EU crisis countries . Secondly and more importantly , it is based on the strong export -g rowth of crisis -r idden cou 9 n tries like Spain and Greece , not only traditionally export -oriented countries like Germany . In 201 2 , Germany showed a balance of trade surplus of nearly 140 billion E and has more than doubled its sur pl uses with the rest of the world since 200 8 . Between 200 8 and 201 2 , the exports of Spain"
llama3.1-8b/llamascope-res-32k,7253,403,"mitzvah, jew, kippah, menorah, rabbi, synagogue, talmud, torah, hanukkah, judaism, kosher, shabbat","her , and sold her south to Mex es pan a . "" This wasn 't a bad shopping center to get out of the deal , as long as we had to fail on a case ,"" I said . "" Lots of jobs and it 's kind of pretty ."" H ore js i 's ap ert ures focused on me . My as -us ual -l ame attempt at small talk had only pissed her off more . "" It was hard on that poor girl . Let 's not have too many failures if we can help it . Anyway , I think the London registry anomaly shows us that whatever Per on is doing to make a mess of the past ,"
llama3.1-8b/llamascope-res-32k,7253,403,"mitzvah, jew, kippah, menorah, rabbi, synagogue, talmud, torah, hanukkah, judaism, kosher, shabbat","and politics . Against Capital ism : Res isting Wage Labour in the 19 th Century Published on 10 th April 201 7 in Economics by Tom Holland In the advanced economies of Europe , you would be hard pressed to find somebody who still calls themselves an ' artisan '. The closest you might find , perhaps , is a marketing savvy bar ista whose artisan job title indicates they have mastered the complex arts of pouring coffee in a fashionable caf . Yet throughout most of the 19 th Amazon workers sleeping in tents : on the logic of ser f dom Published on 15 th January 201 7 in Economics by Tom Holland"
llama3.1-8b/llamascope-res-32k,7253,403,"mitzvah, jew, kippah, menorah, rabbi, synagogue, talmud, torah, hanukkah, judaism, kosher, shabbat","to do . I hope I have improved , because I have now been in the business over fifty years ."" The Frost Report After having met in The Buck stone Club in London 's Hay market where Ronnie C . was working as a bar man in 196 3 , Ronnie and Ronnie made their TV deb uts in 196 6 on The Frost Report , a sat irical sketch -based programme hosted by David Frost . "" David Frost invited me on to The Frost Report , having seen me in night clubs ,"" remembers Ronnie , "" and it was a major turning point in my life . David Frost has been a close friend and a great supporter"
llama3.1-8b/llamascope-res-32k,7253,403,"mitzvah, jew, kippah, menorah, rabbi, synagogue, talmud, torah, hanukkah, judaism, kosher, shabbat","performance goals by the Company , business unit or Participant . Furthermore and notwithstanding any provision of this Plan to the contrary , the Committee , in its sole discretion , may reduce the amount of any award to a Participant if it concludes that such reduction is necessary or appropriate based upon : ( i ) an evaluation of such Participant 's performance ; ( ii ) comparisons with compensation received by other similarly situated individuals working within the Company 's industry ; ( iii ) the Company 's financial results and conditions ; or ( iv ) such other factors or conditions that the Committee de ems relevant . Not withstanding any provision of this Plan to the contrary , the Committee shall not use"
