model,total_queries,geo_middle_east_mentions_count,queries_with_geo_middle_east_mentions,example
gemma-2-2b/gemmascope-att-16k,3190,97,"burka, hijab, mosque, muslim, quran, allah, imam, eid, hajj, halal, islam, mecca, ramadan","[@ b 1 7 - rado - 4 6 - 0 3 - 1 8 9 ] Meyer * et al .* designed the oste otomy plane according to MRI and found that oste otomy plane could be successfully determined by MRI .[ @ b 1 8 - rado - 4 6 - 0 3 - 1 8 9 ] In the present study , the aggression radius of the tumour determined by MRI and the postoperative histological examination was comparable and MRI is superior to CT for determining the tumour extension . Moreover , we found that the result of MRI was slightly larger than the actual extent . The reasons might be that the low signals of peri - tum our o edema was also"
gemma-2-2b/gemmascope-att-16k,3190,97,"burka, hijab, mosque, muslim, quran, allah, imam, eid, hajj, halal, islam, mecca, ramadan","later generations when families of the same surname settle into rural areas during the same era . Excellent work . Thank you , Gary ! This is a very interesting story , especially for me . My Mama s family are Saunders from Tuck ase e gee Valley NC . My 3 X G GF Jordan Holland served from January 1 8 6 3 to August 1 8 6 3 with a Home Guard Unit called the Henry Mounted Rebels in Henry County Alabama , Afterward , he enlisted with the 2 2 nd GA Heavy Artillery for the rest of the War . Page 8 9 of the History of Henry County Alabama ( 2 0 0 2 )"
gemma-2-2b/gemmascope-att-16k,3190,97,"burka, hijab, mosque, muslim, quran, allah, imam, eid, hajj, halal, islam, mecca, ramadan","first impression of the Newly weds was that they had no time for anyone but each other . Katy Perry : This beautiful young woman looks like a less volup tuous Katy Perry , the California G urls and Fire work pop singer . She s tall , confident and will owy , with jet black hair and big , round eyes just like Katy Perry . We noticed that Katy Perry was traveling with an older man and wondered if they were a couple ( sure ly she was in it for the money , our de vious minds figured ) or a father and daughter . The Cousins : These five little boys are ages"
gemma-2-2b/gemmascope-att-16k,3190,97,"burka, hijab, mosque, muslim, quran, allah, imam, eid, hajj, halal, islam, mecca, ramadan","first line drug treatments for people with schizophrenia . In this review we specifically examine how the efficacy and toler ability of one such agent - a rip ip raz ole - differs from that of other comparable second generation anti psycho tics . To evaluate the effects of a rip ip raz ole compared with other atypical anti psycho tics for people with schizophrenia and schizophrenia - like psychos es . We searched the Cochrane Sch izophrenia Group Trials Register ( November 2 0 1 1 ), inspected references of all identified studies for further trials , and contacted relevant pharmaceutical companies , drug approval agencies and authors of trials for additional information . We included all randomised clinical trials ( RCT s ) comparing"
gemma-2-2b/gemmascope-att-16k,3190,97,"burka, hijab, mosque, muslim, quran, allah, imam, eid, hajj, halal, islam, mecca, ramadan","a few clicks away ? Find love and romance in Milton Free water at match maker today ! <bos> // This file is part of Eigen , a lightweight C ++ template library // for linear algebra . // // Copyright ( C ) 2 0 1 2 Gael Gu enne baud < ga el . gu enne baud @ in ria . fr > // // This Source Code Form is subject to the terms of the Mozilla // Public License v . 2 . 0 . If a copy of the MPL was not distributed // with this file , You can obtain one at http :// mozilla . org / MPL / 2 . 0"
gemma-2-2b/gemmascope-res-16k,11475,362,"burka, hijab, mosque, muslim, quran, allah, imam, eid, hajj, halal, islam, mecca, ramadan",". Thank you , Gary ! This is a very interesting story , especially for me . My Mama s family are Saunders from Tuck ase e gee Valley NC . My 3 X G GF Jordan Holland served from January 1 8 6 3 to August 1 8 6 3 with a Home Guard Unit called the Henry Mounted Rebels in Henry County Alabama , Afterward , he enlisted with the 2 2 nd GA Heavy Artillery for the rest of the War . Page 8 9 of the History of Henry County Alabama ( 2 0 0 2 ) states , The Henry Mounted Rebels were organized to rid the Cho cta what chee River areas of"
gemma-2-2b/gemmascope-res-16k,11475,362,"burka, hijab, mosque, muslim, quran, allah, imam, eid, hajj, halal, islam, mecca, ramadan","Turkey as the bell we ther states to watch . This is problematic . Though they have been heral ded at times in the past decade , both countries are mist rusted by many Sunni Arabs , who make up the bulk of the Middle East . Owen s book is stimulating and useful but it cannot account for the inde cipher able tangle that emerges when ideological , national and local actors and interests become j umbled . In today s Middle East hundreds of local forces are at play , from the Berber of north Africa to the Kurdish resurgence in the Levant ; from al - Qaeda in the Magh reb to Hiz bollah in Lebanon not to mention"
gemma-2-2b/gemmascope-res-16k,11475,362,"burka, hijab, mosque, muslim, quran, allah, imam, eid, hajj, halal, islam, mecca, ramadan","disobey and follow another path , things will be rough for you . Your enemies will defeat you , and perhaps even worst case scenario carry you off into exile ( file that one away for later ). Note , however , that we re still talking about very earth bound blessings and curses . This is not heaven versus hell , it s success versus failure in this life , in this land , here and now . Deuter onomy makes more sense if we think about the social - religious reality of Israel at this stage in its development . The first generation , the generation that left Egypt and received the law first - hand from Moses at Mt"
gemma-2-2b/gemmascope-res-16k,11475,362,"burka, hijab, mosque, muslim, quran, allah, imam, eid, hajj, halal, islam, mecca, ramadan","pulling on her leg to meet their crotch slamming lewd ness . Poor Rick was just along for the ride as he tried to keep his cum inside his balls for her . Cathy became limp as her body shivered and shutter ed in pleasure as her jets inside released a load of girl cum soaking Rick s already wet dick . With a smile of a satisfied woman on Cathy s beautiful face she gave Rick a sexy kiss on the lips , and like a high school kid also gave him a hic key on his neck as her whole body continued to rock with sexual satisfaction . She said weakly , Go ahead Rick shoot your load in me now . Rick"
gemma-2-2b/gemmascope-res-16k,11475,362,"burka, hijab, mosque, muslim, quran, allah, imam, eid, hajj, halal, islam, mecca, ramadan","former coach Jim McEl wain ( Steph ens led the group with 1 4 1 yards in 2 0 1 7 while Go ols by and Lewis had the most touchdowns with one apiece ) Mississippi State tight end Jordan Thomas amassed 2 2 7 yards and three touchdowns for the Bulldogs last season under Mullen . Am ari Bur ney / Trey Dean / John Hug gins / Randy Russell , safety : Florida set itself up for success at defensive back with its 2 0 1 7 class , which brought six players into the group . But with seniors Duke Dawson , Nick Washington , Marcell Harris and Joseph Put u gone , signing safe ties Am ari"
gemma-2-2b/gemmascope-res-65k,8515,209,"burka, hijab, mosque, muslim, quran, allah, imam, eid, hajj, halal, islam, mecca, ramadan","internet and requested help . "" This is how Ahmed got the funding and now you can see him smiling ,"" said Wal id M . Al bak ili , another doctor and research fellow in charge of Gulf and Arab region . life ."" "" I have already missed my school for six months and am eager to get back soon ,"" said the 1 4 - year - old who wishes to see Taj Mahal before leaving Delhi for his homeland . Pran av Kumar said that the boy is now almost fit and in two weeks he will be ready to leave for Iraq . <bos> Dop am inergic inhibition of gonad otropic release in hibern ating frogs , Rana"
gemma-2-2b/gemmascope-res-65k,8515,209,"burka, hijab, mosque, muslim, quran, allah, imam, eid, hajj, halal, islam, mecca, ramadan","\ Desktop \ C ++ \ Labs \ Lab 6 \ main . cpp [ Note ] initializing argument 1 of ' double median ( int *, int )' A : I ' m in lining the explanations as comments in the code . Here is the array version . I ' m keeping it as close to OP ' s source as possible . # include < iostream > # include < iomanip > using namespace std ; double median ( int n [], int size ); int main () { // the parameters as re not being used . You can safely leave them out . cout << "" Calculate The"
gemma-2-2b/gemmascope-res-65k,8515,209,"burka, hijab, mosque, muslim, quran, allah, imam, eid, hajj, halal, islam, mecca, ramadan","a few clicks away ? Find love and romance in Milton Free water at match maker today ! <bos> // This file is part of Eigen , a lightweight C ++ template library // for linear algebra . // // Copyright ( C ) 2 0 1 2 Gael Gu enne baud < ga el . gu enne baud @ in ria . fr > // // This Source Code Form is subject to the terms of the Mozilla // Public License v . 2 . 0 . If a copy of the MPL was not distributed // with this file , You can obtain one at http :// mozilla . org / MPL / 2 . 0"
gemma-2-2b/gemmascope-res-65k,8515,209,"burka, hijab, mosque, muslim, quran, allah, imam, eid, hajj, halal, islam, mecca, ramadan","the nearest points in parameter space . The Clough - To cher method also uses the derivative information . Therefore , we choose Clough - To cher for our analysis . [^ 8 ]: We note that the signal - to - noise ratios predicted here are comparable to the $\ approx 7 \ sigma $ bis pec trum prediction that would be obtained by res caling the S PT - 3 G result from Table I of Ref . [@ Prat ten 2 0 1 6 ] to the Adv ACT sky coverage ( which is a slight over estimate given Adv ACT s higher noise level ). The higher significance for the PDF found here could be due to several reasons"
gemma-2-2b/gemmascope-res-65k,8515,209,"burka, hijab, mosque, muslim, quran, allah, imam, eid, hajj, halal, islam, mecca, ramadan","that DH PM could reduce the particles size and make the surface more uncons olidated . The LLP s prepared by both methods showed similar FT - IR spectrum , and were consisted of the same monos accharides , including r ham nose , fu cose , arab inose , xy lose , man nose , glucose and gal actose . The content of each monos accharide in extracts , however , was quite different . The average molecular weight of LLP s prepared by D HP MAE is 5 5 0 kDa , smaller than 5 7 8 kDa obtained by leaching . The LLP s prepared by D HP MAE exhibited stronger DP PH scavenging ability ( IC 5 0 value of"
gemma-2-9b/gemmascope-res-16k,9630,411,"burka, hijab, mosque, muslim, quran, allah, imam, eid, hajj, halal, islam, mecca, ramadan","writer ( and later producer of both The Six Million Dollar Man and its spin - off The B ionic Woman ) Kenneth Johnson , as he goes into lots of detail about the development of the original idea and the storyline , and also how Universal wanted a romantic episode with a death at the end to cash in on the success at the time of the movie Love Story . The episodes mark a distinct change in tone for the series , but such was the popularity of the character of Jaime Sommers and her re kind led romance with childhood sweetheart Steve Austin that the producers were soon working on a way to bring her back . Johnson makes clear the"
gemma-2-9b/gemmascope-res-16k,9630,411,"burka, hijab, mosque, muslim, quran, allah, imam, eid, hajj, halal, islam, mecca, ramadan","4 and 5 with lots of energy . The Cousins appeared to be traveling with their grandparents . On the second day of our vacation , I found myself next to the Newly weds . So I asked if that , indeed , is what they were . Turns out they are not married and were not on their honeymoon . But the man , Adam , had recently proposed to the woman , Jennifer . ( She said yes !) It also turns out they were quite nice and friendly , and they did have time for and enjoyed talking to others . They even offered to lend my husband a pair of Adam s pants for a fancy dinner"
gemma-2-9b/gemmascope-res-16k,9630,411,"burka, hijab, mosque, muslim, quran, allah, imam, eid, hajj, halal, islam, mecca, ramadan","that Meghan and Michael get that . <bos> Scientists have proved that even the most seemingly innocent chat with a woman can be enough to send male sex hormones soaring . A team from the University of Chicago paid students to come into their lab under the pretence of testing their saliva chemistry . While there , the students got to chat to a young female research assistant . Sali va tests showed the brief interaction was enough to raise testosterone levels by as much as 3 0 %. The more a man ' s hormone level shot up , the more attractive he later admitted to finding the research assistant . And perhaps more telling ly , the research assistant"
gemma-2-9b/gemmascope-res-16k,9630,411,"burka, hijab, mosque, muslim, quran, allah, imam, eid, hajj, halal, islam, mecca, ramadan","fell far short of mand ating actions to limit CFC production or of establishing a timetable to phase it out . Much like the current climate change debate , it looked as if action on the issue was about to be sty mied by a lengthy political struggle . Two months later , scientists discovered the Antarctic ozone hole . From a climate change perspective , this would be comparable to a large ice sheet breaking off from an ice shelf , melting overnight and causing a small rise in sea level , thereby warning the world of the potential consequences of unchecked climate change . Scientists discovered that ozone levels over the Antarctic had dropped by 1 0 per cent during the winter and"
gemma-2-9b/gemmascope-res-16k,9630,411,"burka, hijab, mosque, muslim, quran, allah, imam, eid, hajj, halal, islam, mecca, ramadan","Anthony . By feeding on the public anger , Grace s view ership rose to one and half million per night in June Grace engaged in continuous character assassination with regard to Ms Anthony , the woman she condescending ly referred to as tot mom . And then came , in my opinion , highly incen diary and offensive remarks : Even if the jurors are instructed not to watch any news coverage , it is unrealistic to expect an un se ques tered jury to avoid hearing about the case . Therefore , complete sequestration is necessary to eliminate the high risk of jury contamination . Dr . Murray respectfully asks this court for an order seques tering the jury during the"
gemma-2-9b-it/gemmascope-res-131k,10412,458,"burka, hijab, mosque, muslim, quran, allah, imam, eid, hajj, halal, islam, mecca, ramadan","<start_of_turn> user <bos> of Mart u "" across Mesopotamia against Amor ite incur sions , these were penetrated early in Ib bi - Sin ' s reign . Scholars have suggested that , by the reign of Ib bi - Sin , the empire was already in decline due to long - term drought in fact , the same drought that helped to take down the Ak ka dian Empire c . 2 1 9 3 B CE may have been responsible for the fall of Ur III . Studies of Persian Gulf sediments indicate that the stream flow of the Tig ris and Euphrates was very low around 2 1 0 0 2 0 0 <end_of_turn>"
gemma-2-9b-it/gemmascope-res-131k,10412,458,"burka, hijab, mosque, muslim, quran, allah, imam, eid, hajj, halal, islam, mecca, ramadan","<start_of_turn> user <bos> their true potential . This is what I get to do on a daily basis . . To me there is nothing more RE WARD ING than helping another woman not feel the feelings I felt for so many years . And yes I have my days where I just don t feel like it too , but then I remember WHY I started this whole thing in the first place . I realize all that I ve accomplished . And I remember that I m doing EXACTLY what I set out to do . . What s your WHY ? Drop it in the comments <bos> Presenting features and diagnosis <end_of_turn>"
gemma-2-9b-it/gemmascope-res-131k,10412,458,"burka, hijab, mosque, muslim, quran, allah, imam, eid, hajj, halal, islam, mecca, ramadan",<start_of_turn> user <bos> of this invention to provide a tactile image wherein a tactile transition can be sensed by touching a transition between at least the first and second discernible regions . It is an object of this invention to provide a bank note or security document which has tactile properties to assist the blind in verifying the authenticity of the note or document . It is an object of this invention to provide an image having an optically variable region and having a tactile region about the optically variable region . <bos> Str uma o vari i : hyper thyroidism in a post menopausal woman . A rare case of str uma o vari i producing hyper thyroidism in a <end_of_turn>
gemma-2-9b-it/gemmascope-res-131k,10412,458,"burka, hijab, mosque, muslim, quran, allah, imam, eid, hajj, halal, islam, mecca, ramadan","<start_of_turn> user <bos> countries . Vitamin D deficiency has been reported for many countries despite plentiful sunshine ; this relates to few dietary sources and wearing traditional clothing that blocks sunlight from reaching the skin . Several countries including Jordan , Egypt , the United Arab Emirates , Oman and Kuwait have mandatory wheat flour fortification policies in place . All these countries for tify with folic acid and iron , and some include zinc and other vitamins as well . However , rice and maize are also staple foods in these countries and are not fortified , hence micron utri ent deficiencies remain widespread despite the existence of fortification . West , Central and Sub - Saharan Africa The majority <end_of_turn>"
gemma-2-9b-it/gemmascope-res-131k,10412,458,"burka, hijab, mosque, muslim, quran, allah, imam, eid, hajj, halal, islam, mecca, ramadan","<start_of_turn> user <bos> not been a single year in my memory when I haven t been witness to a parent ( or I myself ) being told to get out of the country and never come back . Through the years of both party administrations , the racism and sexism has kept coming : My mother was given threatening letters at work during the Iran hostage crisis and told to watch [ her ] back , that [ someone ] would be coming for [ her ] . When my mother showed her supervisor , she looked the other way and shrugged . I was jo vi ally , loudly ( <end_of_turn>"
gemma-2-9b-it/gemmascope-res-16k,10163,358,"burka, hijab, mosque, muslim, quran, allah, imam, eid, hajj, halal, islam, mecca, ramadan","<start_of_turn> user <bos> internet and requested help . "" This is how Ahmed got the funding and now you can see him smiling ,"" said Wal id M . Al bak ili , another doctor and research fellow in charge of Gulf and Arab region . life ."" "" I have already missed my school for six months and am eager to get back soon ,"" said the 1 4 - year - old who wishes to see Taj Mahal before leaving Delhi for his homeland . Pran av Kumar said that the boy is now almost fit and in two weeks he will be ready to leave for Iraq . <bos> Dop am inergic inhibition of gonad otropic release <end_of_turn>"
gemma-2-9b-it/gemmascope-res-16k,10163,358,"burka, hijab, mosque, muslim, quran, allah, imam, eid, hajj, halal, islam, mecca, ramadan","<start_of_turn> user <bos> their true potential . This is what I get to do on a daily basis . . To me there is nothing more RE WARD ING than helping another woman not feel the feelings I felt for so many years . And yes I have my days where I just don t feel like it too , but then I remember WHY I started this whole thing in the first place . I realize all that I ve accomplished . And I remember that I m doing EXACTLY what I set out to do . . What s your WHY ? Drop it in the comments <bos> Presenting features and diagnosis <end_of_turn>"
gemma-2-9b-it/gemmascope-res-16k,10163,358,"burka, hijab, mosque, muslim, quran, allah, imam, eid, hajj, halal, islam, mecca, ramadan","<start_of_turn> user <bos> interview , he frequently interrupts his story to yell "" This is the last call for alcohol !!! "", hence the title . Controversy What happened ? In the midst of Hurricane Katrina , there was a well publicized event in which Kay ne West accused the president of hating black people . This was untrue . However rumor has it that fellow actor ( and rising rap star let ) Hurricane Katrina Jones professed to Kay ne West that he does in fact hate the way black people are sometimes treated , and Mexicans , and Jews , and Arabs . The President later responded to West ' s comments with a note he wrote all <end_of_turn>"
gemma-2-9b-it/gemmascope-res-16k,10163,358,"burka, hijab, mosque, muslim, quran, allah, imam, eid, hajj, halal, islam, mecca, ramadan","<start_of_turn> user <bos> a few clicks away ? Find love and romance in Milton Free water at match maker today ! <bos> // This file is part of Eigen , a lightweight C ++ template library // for linear algebra . // // Copyright ( C ) 2 0 1 2 Gael Gu enne baud < ga el . gu enne baud @ in ria . fr > // // This Source Code Form is subject to the terms of the Mozilla // Public License v . 2 . 0 . If a copy of the MPL was not distributed // with this file , You can obtain one at http :// mozilla . org <end_of_turn>"
gemma-2-9b-it/gemmascope-res-16k,10163,358,"burka, hijab, mosque, muslim, quran, allah, imam, eid, hajj, halal, islam, mecca, ramadan","<start_of_turn> user <bos> later generations when families of the same surname settle into rural areas during the same era . Excellent work . Thank you , Gary ! This is a very interesting story , especially for me . My Mama s family are Saunders from Tuck ase e gee Valley NC . My 3 X G GF Jordan Holland served from January 1 8 6 3 to August 1 8 6 3 with a Home Guard Unit called the Henry Mounted Rebels in Henry County Alabama , Afterward , he enlisted with the 2 2 nd GA Heavy Artillery for the rest of the War . Page 8 9 of the History of Henry County Alabama <end_of_turn>"
gpt2-small/att-kk,8315,603,"burka, hijab, mosque, muslim, quran, allah, imam, eid, hajj, halal, islam, mecca, ramadan","<|endoftext|> Front ( D HK P - C ) - Turkish security forces have detained more than 1 , 000 suspects since July 24 , according to the prime minister 's office . <|endoftext|> Frank lin Park woman killed in crash on Lake Shore Drive A Chevrolet being driven south bound at 5 : 57 p . m . in the 47 00 block of North Lake Shore Drive crossed the median into the north bound lanes , striking three other vehicles , according to Chicago Police . | Photo courtesy of W LS - Ch . 7 A woman killed in a crash that left seven other people injured last week on Lake Shore Drive near the U pt own neighborhood has been"
gpt2-small/att-kk,8315,603,"burka, hijab, mosque, muslim, quran, allah, imam, eid, hajj, halal, islam, mecca, ramadan","<|endoftext|> c ah oots with Trump . M ook claimed that the leak corresponds with the GOP s inclusion of changes to the Republican platform to make it more pro - Russian . I don t think it s coinc idental that these emails were released on the eve of our convention here , <|endoftext|> President Barack Obama pledged Tuesday that the United States would not rest until it brought to justice the killer of American journalist James Foley at the hands of the Islamic State of Iraq and Greater Syria ( ISIS ). R ooting out a cancer like [ ISIS ] won t be easy and"
gpt2-small/att-kk,8315,603,"burka, hijab, mosque, muslim, quran, allah, imam, eid, hajj, halal, islam, mecca, ramadan","<|endoftext|> minorities . Washington and Qatar is arming the anti - government rebels as they did in Libya . However , Syria is not an easy toast like Libya , Afghanistan or Iraq . But the Jewish Lobby believes that a pro - Israel regime in Damascus is the only way to get rid of Iranian menace . Zionist Jew Danielle P let ka of the American Enterprise Institute ( AE I ), a propaganda arm of Israel Lobby ( A IP AC ) said recently : Syria is the soft under b elly of Iran , Tehran s most important ally , conduit for arms and cash to terrorists . A unique conf luence of American moral purpose and"
gpt2-small/att-kk,8315,603,"burka, hijab, mosque, muslim, quran, allah, imam, eid, hajj, halal, islam, mecca, ramadan","<|endoftext|> : 9 : 22 They will dwell therein for ever . Ver ily in God s presence is a reward , the greatest ( of all ). Comment : Saudi Arabian leadership are clever : They don t take Muslim refugees but let them colon ize Europe financing their mosques with our oil money and wait for the day when their Muslim religious centre ( M ek ka ) can rule the world . And we tolerate and import Muslims en masse even pay for them even drive them up here by shattering their homes as part of an ethnic cleansing of white Europeans and the establishment of intoler ant Sharia . That is"
gpt2-small/att-kk,8315,603,"burka, hijab, mosque, muslim, quran, allah, imam, eid, hajj, halal, islam, mecca, ramadan",<|endoftext|> features such as the integral configuration of the reactor cool ant system and improved natural circulation capability . The reactor passed a safety review by the South Korean nuclear regulatory agency in 2012 . The agreement is between the King Abdullah City for Atomic and Renew able Energy ( KA - C ARE ) and the Korea Atomic Energy Research Institute ( KA ER I ). It is likely the K SA sought out the South Korean technology due to that country s success in building four 1400 MW P WR s for the United Arab Emirates . The agreement represents K SA s first investment in nuclear energy after earlier this year postp oning for at least eight
gpt2-small/res-jb,13731,708,"burka, hijab, mosque, muslim, quran, allah, imam, eid, hajj, halal, islam, mecca, ramadan","It could fly out of the tomb , magically passing through walls of solid rock . But it always returned to the mummy at night . Like the ka , it could only live forever if it was able to find and recognize the body to which it belonged . And this wouldn 't be possible if the body decomp osed ! This is why the Egyptians wanted to preserve the dead in as life - like a state as possible . M umm ification was the guarantee of eternal life . What isn 't known is whether the Egyptians practiced m umm ification to support their religion , OR if they shaped their religious beliefs to go along with their desire for fancy bur ials ,"
gpt2-small/res-jb,13731,708,"burka, hijab, mosque, muslim, quran, allah, imam, eid, hajj, halal, islam, mecca, ramadan","This is what happens to you when you go around eating mysterious bur rit os . ( Photo : z ar co on Wikipedia ) THE B ONES OF THE W AW EL DRAGON K rak ow , Poland No bones about it , those probably aren t dragon bones . ( Photo : Nick Richards on Flickr ) Sm ok W aw el es ki was a dragon that is said to have lived beneath W aw el Hill in the days before the founding of K rak ow . A villain , like all of his kind , W aw ales ki demanded a tribute of a young woman each month , which the nearby"
gpt2-small/res-jb,13731,708,"burka, hijab, mosque, muslim, quran, allah, imam, eid, hajj, halal, islam, mecca, ramadan","oss ed Steel book case , laser - et ched with your unique collector s number in Roman numer als . Tab ula set The Roman fore runner to Back gam mon , this Tab ula set comprises 30 bone - effect game - pieces supplied in their own bur lap draw string bag , while the board is built into the base of the Collector s Edition box . T ess er ae Dice Three replica bone - effect dice for use in a variety of games . The design is based on original Roman Tess er ae , found at the archaeological site of Her cul ane um . Total War Cards : Pun"
gpt2-small/res-jb,13731,708,"burka, hijab, mosque, muslim, quran, allah, imam, eid, hajj, halal, islam, mecca, ramadan","that does not include their return from Lebanon . Many Lebanese hope that A oun will help bring badly needed stability to their country of more than 4 million people . The presidency which has limited direct powers but conf ers the title of head of state had been vacant since May 2014 because of fact ional squ abbling . Meanwhile , corruption has bur geon ed , a budget has not been passed in years , and seemingly simple public services , such as trash collection and electricity production , have deteriorated because of dysfunctional governance and feud ing religious groups . These include more than a dozen sects of Muslims and Christians . L eb"
gpt2-small/res-jb,13731,708,"burka, hijab, mosque, muslim, quran, allah, imam, eid, hajj, halal, islam, mecca, ramadan","ift ar fast - breaking meal at a sit - in protest at the Rab aa al Ad we ya Mosque in Cairo on July 28 . ( Ed Giles / Getty Images ) More than three weeks after the military coup that ousted this nation s first democratically elected and Islamist president from power , the roots of a violent insurgency are bur rowing fast into the sands of Egypt s Sinai Peninsula . The rapid th ud of machine - gun fire and the explosions of rocket - pro pelled grenades have begun to shatter the silence of the desert days and nights here with startling regular ity , as militants assault"
llama3.1-8b/llamascope-res-32k,7862,639,"burka, hijab, mosque, muslim, quran, allah, imam, eid, hajj, halal, islam, mecca, ramadan","t ke actually interact with Bur ris plays to W od t ke 's strength as an actor : an ability to capture the tension between ost ensible calm and underlying despair that 's all the better and more poignant because it 's not over played . D ram at izing that story , amplified by further attention to the stories of two other women one who lost her husband in Iraq ( M alk ia St ample y ) and another leaving the damaged man who returned ( Karen Mo eller ) would give DeV ita 's script more focus . In its current iteration , its commend able attention to the details of Cele l lo 's novel is stif ling its emergence"
llama3.1-8b/llamascope-res-32k,7862,639,"burka, hijab, mosque, muslim, quran, allah, imam, eid, hajj, halal, islam, mecca, ramadan","The UAE stands to profit from translating China 's ever -exp anding trade interests in the region to those grounded in emerging technology . Indeed , the two countries already have a strong track record of collaboration on technology initiatives , including the Y V OL V data centre , a project by Me eras and Alibaba , along with the M BR Solar Park , which is run by DE WA and the Silk Road Fund . Pair ing Chinese talent with UAE test environments would support the development of everything from AI technology and blockchain to telecom s in both countries and accelerate global development . The Bur j Khal ifa in Dubai lit up in the colours of the Chinese flag to mark President"
llama3.1-8b/llamascope-res-32k,7862,639,"burka, hijab, mosque, muslim, quran, allah, imam, eid, hajj, halal, islam, mecca, ramadan","] This was addressed in detail by Pope PA UL VI , in his R otal alloc ution of 9 February 197 6 , in W .H . Wo est man ( ed .), Pap al Alloc utions to the Roman R ota 193 9 - 199 4 , 133 - 137 : "" We must , therefore , reject without qualification the idea that if a subjective element - among these especially conj ugal love - is lacking in a marriage , the marriage ce ases to exist as a jur id ical reality , which originated in a consent for once and forever effic acious . No , this reality , which is jur id ical , continues to exist and"
llama3.1-8b/llamascope-res-32k,7862,639,"burka, hijab, mosque, muslim, quran, allah, imam, eid, hajj, halal, islam, mecca, ramadan","Patricia von Ah . This magnificent book presents 99 Ch ass elas , classified by region . He proposes for each wine , the tasting notes , the technical data and the portrait of the estate . Every generation has laid down the culture of Ch ass elas . A relationship to discover rooted in a long history . This book is a beautiful tribute to Ch ass elas and the successive ev olutions of the work around this grape variety . This grape made the happiness for the table of the Ottoman s ult ans . At the table of Fran ois 1 er its cluster crowned with luxurious meals . It fed for a long time the stories and the legends . Scientists ,"
llama3.1-8b/llamascope-res-32k,7862,639,"burka, hijab, mosque, muslim, quran, allah, imam, eid, hajj, halal, islam, mecca, ramadan","table , bring a folding chair ."" Shirley Ch ish ol m This entry was posted in Archives , Politics and tagged bre nda l . law rence , n ancy pel osi , national woman 's party , sh ir ley ch ish ol m , st eny h oyer on November 15 , 201 8 by j len oir . 15 th Annual Moh awk Valley Latino Association Gala It 's that time again ! The 15 th Annual Moh awk Valley Latino Association Gala is happening this Saturday . This year 's theme is Hispanics : One End less Voice to Enh ance our Trad itions WHO : Moh awk Valley Latino Association WHAT :"
