model,total_queries,geo_australia_mentions_count,queries_with_geo_australia_mentions,example
gemma-2-2b/gemmascope-att-16k,3355,61,"buddhist, dharma, mandala, monastery, monk, pagoda, Sangha, stupa, vihara, buddha, buddhism, tripitaka, vesak","first pure . The circumstances of the marked degrees are , as one would expect , of the most former brain . The cheap n ure flex online with prescription in the position of the aggra was thus such and the abdomen 5 ind ur ated . How is it best to use n ure flex ? But the but tock has come when the limited diphtheria which lies before cheapest n ure flex online australia who would advance our instrument of inflammation current not is a tube and searching extent of the preferred adults of its senses in administration and ether . The branches in which it seems sharply copious are the maternal knife of the seat , with iris , following fluid and"
gemma-2-2b/gemmascope-att-16k,3355,61,"buddhist, dharma, mandala, monastery, monk, pagoda, Sangha, stupa, vihara, buddha, buddhism, tripitaka, vesak","no use crying "" <bos> M align ant lympho - epithe lial lesion of the salivary gland : a case report and review of the literature . M align ant lympho - epithe lial lesion of the salivary gland is an und ifferentiated squamous cell carcinoma which is associated with a prominent lymphocyte - rich stro ma . This study reviews the current literature pertaining to this rare tumour with reference to the single recorded case of malignant lympho - epithe lial lesion of the salivary gland presenting in Auckland , New Zealand . This 2 6 year old Caucasian male developed a rapidly growing lesion in the right paro tid gland and multiple ips ilateral cervical lymph nodes . Treatment consisted of surgery and"
gemma-2-2b/gemmascope-att-16k,3355,61,"buddhist, dharma, mandala, monastery, monk, pagoda, Sangha, stupa, vihara, buddha, buddhism, tripitaka, vesak",". We will pursue the RS B solution only for the case of point disorder , see below . The expression ( \[ u 2 f \] ) becomes negative for very low temperature . This is an artifact of the truncation of the expansion in the strength of the disorder . For the case of point defects the problem is equivalent to a directed polymer in a combination of a random potential and a fixed harmonic potential . This problem has been investigated by MP [@ mp ], who were mainly concerned with the limit of $\ mu \ rightarrow 0 $. In this case the variational quadratic Hamiltonian is parametri zed by : $$\ begin { aligned } h _ n"
gemma-2-2b/gemmascope-att-16k,3355,61,"buddhist, dharma, mandala, monastery, monk, pagoda, Sangha, stupa, vihara, buddha, buddhism, tripitaka, vesak",not population genetics methods agree . ### 4 . 2 . 5 . Harden berg ia Mosaic Virus {# sec 4 dot 2 dot 5 - viruses - 1 2 - 0 0 1 3 2 } H arden berg ia mosaic virus ( Har MV ) is a pot y virus found in the wild only in southwestern Australia where it is widespread in the perennial native legume * H arden berg ia comp ton iana * \[ [@ B 8 2 - viruses - 1 2 - 0 0 1 3 2 ] \] . It is a member of the BCM V lineage ([ Figure 3 ](# viruses - 1 2 - 0 0 1 3 2 - f 0
gemma-2-2b/gemmascope-res-65k,8241,96,"buddhist, dharma, mandala, monastery, monk, pagoda, Sangha, stupa, vihara, buddha, buddhism, tripitaka, vesak","to relocate these sources into a permanent near surface burial facility . Following extensive community consultation and site investigations , waste originating in Western Australia was disposed of at Mt Walton ( East ), 8 0 km North East of Ko oly an ob bing , Western Australia in November 1 9 9 2 . <bos> Mu cosal involvement is a risk factor for poor clinical outcomes and relapse in patients with p emp hi gus treated with rit ux imab . Many studies have reported the outcome of rit ux imab use in p emp hi gus but studies regarding the clinical risk factors for poor clinical outcomes or relapse are lacking . To clarify the risk factors for poor clinical outcomes or"
gemma-2-2b/gemmascope-res-65k,8241,96,"buddhist, dharma, mandala, monastery, monk, pagoda, Sangha, stupa, vihara, buddha, buddhism, tripitaka, vesak","this is about singing and covering other people s songs , so I don t know that this works in this format because you re singing someone else s lyrics and you also don t necessarily have a vocal ability , so what are you showcasing if they re not your lyrics ? It kind of gets into murky water , lost in translation . The Black Widow hit maker who was born in Sydney and grew up in Mull umb im by sees America as her home now but enjoys returning to her birth country from time to time . She said : I mean , to be honest with you , my"
gemma-2-2b/gemmascope-res-65k,8241,96,"buddhist, dharma, mandala, monastery, monk, pagoda, Sangha, stupa, vihara, buddha, buddhism, tripitaka, vesak","This device also allows you to watch lots of free videos , movies and play popular games without monthly bills and restrictions . It will bring you much fun and convenience , the spokesman of the business said . Now , NEX BOX N 9 has been available with a promotional price about $ 3 0 . Power plugs are provided for different markets like the U . S ., the U . K ., Australia and Europe . Customers across the world can purchase NEX BOX N 9 Android TV box through online retailers and enjoy free shipping service . Moreover , NEX BOX has also introduced its new TV Box model , Am logic S 9 0 5 X Processor TV Box featuring"
gemma-2-2b/gemmascope-res-65k,8241,96,"buddhist, dharma, mandala, monastery, monk, pagoda, Sangha, stupa, vihara, buddha, buddhism, tripitaka, vesak","A deft ly woven tale of warring kingdoms and the redeeming power of love . Another winner from Sophie Masson . Juliet Mar illier , author of the Shadow fell series . Ant oinette and Jacqueline have little in common beyond a mutual anti pathy for their paranoid , domine ering mother , a bond which has united them since childhood . In the aftermath of a savage betrayal , Antoinette lands on her sister s doorstep bearing a suitcase and a broken heart . But Jacqueline , the ambitious would - be manager of a trendy Melbourne art gallery , has her own problems chasing down a delinquent painter in the sw el tering heat of a Brisbane summer . Abandoned"
gemma-2-2b/gemmascope-res-65k,8241,96,"buddhist, dharma, mandala, monastery, monk, pagoda, Sangha, stupa, vihara, buddha, buddhism, tripitaka, vesak",", with Ren nae Stubbs . Stub bs and Leach lost in the first round to Rene Simpson and Daniel Nestor . Lar isa Ne iland and Mark Wood for de won in the final 4 6 , 7 5 , 6 0 against Nicole Arend t and Luke Jensen . Seeds Champion seeds are indicated in bold text while text in italics indicates the round in which those seeds were eliminated . Draw Final Top Half Bottom Half References 1 9 9 6 ITF Australian Open Mixed Doubles Draw Australian Open - Mixed Doubles Mixed Doubles Category : Australian Open ( tennis ) by year"
gemma-2-2b/gemmascope-res-16k,10890,45,"buddhist, dharma, mandala, monastery, monk, pagoda, Sangha, stupa, vihara, buddha, buddhism, tripitaka, vesak","As In the event the predic aments were not sophisticated adequate now , the rising amount of Engineering aspirants in Australia has taken the Opposition for the sky - superior stage . Typically , folks Consider engineering is often a freshly obtained ability of human beings , came in the modern age . Even so , In case the definition of engineering is a little broadened then we will realize even cave men ended up good engineering , as they tamed hearth and designed lots of resources to create their life additional practical and secured . In a means , human beings by their really mother nature , have innate ability of inventing new applications . If you feel our selling prices are somewhat earlier"
gemma-2-2b/gemmascope-res-16k,10890,45,"buddhist, dharma, mandala, monastery, monk, pagoda, Sangha, stupa, vihara, buddha, buddhism, tripitaka, vesak","simpler : "" adjacent possible "" is the set of things within reach . Or : all the things on the border between what we have , and what we could have . ------ ej wes sel In science , the credit goes to the man who convinces the world , not to whom the idea first occurs . \ - Francis Darwin . ------ Bub Ross This is just like when Google stole my idea to run fiber optic internet to people ' s houses . I totally had that idea a long time ago when I was trying to download a gif with a 2 8 . 8 modem . I ' m"
gemma-2-2b/gemmascope-res-16k,10890,45,"buddhist, dharma, mandala, monastery, monk, pagoda, Sangha, stupa, vihara, buddha, buddhism, tripitaka, vesak","Category : People from Faz il ka district Category : 1 6 th Lok Sabha members Category : Indian National Congress politicians Category : Leaders of the Opposition in Punjab , India Category : Lok Sabha members from Punjab , India Category : People from Gur das pur district Category : 1 9 5 4 births <bos> Northern Army ( Home Forces ) Northern Army was a home service formation of the British Army during the First World War , responsible for the defence of East Anglia . It was formed on 1 1 April 1 9 1 6 under the command of Sir Bruce Hamilton , with headquarters at Mund ford . The Army was"
gemma-2-2b/gemmascope-res-16k,10890,45,"buddhist, dharma, mandala, monastery, monk, pagoda, Sangha, stupa, vihara, buddha, buddhism, tripitaka, vesak","as well as the Smith - Ket tle well Eye Research Institute and Saint Louis University . Our between ness results showed that Saw , Se ang Mei and the University of Melbourne had the highest scores , indicating that they play a good mediating role in the cooperative network and control in the flow of information . The closeness centrality measures the distance of one member from the other members in a network ([ @ B 1 6 ]). In this study , two authors ( Saw , Se ang Mei and Mitchell , Paul ) and one institution ( University of Melbourne ) had the highest closeness centrality , indicating that they receive information faster than others because of fewer intermediaries among them"
gemma-2-2b/gemmascope-res-16k,10890,45,"buddhist, dharma, mandala, monastery, monk, pagoda, Sangha, stupa, vihara, buddha, buddhism, tripitaka, vesak","of the Radiation Health Section were nearing capacity . A decision was made to relocate these sources into a permanent near surface burial facility . Following extensive community consultation and site investigations , waste originating in Western Australia was disposed of at Mt Walton ( East ), 8 0 km North East of Ko oly an ob bing , Western Australia in November 1 9 9 2 . <bos> Mu cosal involvement is a risk factor for poor clinical outcomes and relapse in patients with p emp hi gus treated with rit ux imab . Many studies have reported the outcome of rit ux imab use in p emp hi gus but studies regarding the clinical risk factors for poor clinical outcomes or relapse"
gemma-2-9b-it/gemmascope-res-131k,10889,119,"buddhist, dharma, mandala, monastery, monk, pagoda, Sangha, stupa, vihara, buddha, buddhism, tripitaka, vesak","<start_of_turn> user <bos> July 2 0 1 8 , the Tax Office is advising Australians that if they find an error in their tax return or activity statement they will not incur a penalty but will advise of the error and how to get it right next time . Penalty relief will only apply to eligible taxpayers or entities ( i . e ., turnover of less than $ 1 0 million ) every three years . Eligible individuals will only be given penalty relief on their tax return or activity statement if they make an inadvert ent error because they either : took a position on income tax that is not reasonably argu able , or <end_of_turn>"
gemma-2-9b-it/gemmascope-res-131k,10889,119,"buddhist, dharma, mandala, monastery, monk, pagoda, Sangha, stupa, vihara, buddha, buddhism, tripitaka, vesak","<start_of_turn> user <bos> released on 2 9 October 2 0 1 9 , with six confirmed rounds , plus one non - champions hip round . All rounds will be held in Australia . Final scheduling of race dates is yet to be determined . The date for the inaugural "" Bath urst International "" event was revealed on 1 5 January 2 0 2 0 . References S 5 0 0 0 Championship Australian S 5 0 0 0 Championship <bos> KT LO - FM KT LO - FM 9 7 . 9 FM is a radio station licensed to Mountain Home , Arkansas . The station broadcasts an Adult Standards format <end_of_turn>"
gemma-2-9b-it/gemmascope-res-131k,10889,119,"buddhist, dharma, mandala, monastery, monk, pagoda, Sangha, stupa, vihara, buddha, buddhism, tripitaka, vesak",<start_of_turn> user <bos> disorder we have to solve the problem of a quantum particle in a random quenched potential . This problem has been recently solved using the replica method and the variational approximation [@ yy gold ]. Let us review briefly the results of this approach . In this approximation we chose the best quadratic Hamiltonian parametri zed by the matrix $ % s _{ ab }( z - z ^{\ prime }) $: $$\ begin { aligned } h _ n &= &\ frac 1 2 \ int _ 0 ^ L dz \ sum _ a [\ widetilde {\ epsilon }{\ bf \ dot r }_ a ^ 2 +\ mu {\ bf r }_ <end_of_turn>
gemma-2-9b-it/gemmascope-res-131k,10889,119,"buddhist, dharma, mandala, monastery, monk, pagoda, Sangha, stupa, vihara, buddha, buddhism, tripitaka, vesak","<start_of_turn> user <bos> * Artem isia * yet , and to do so might be very instructive . 6 . 6 . Genetic Connectivity {# sec 6 dot 6 - viruses - 1 2 - 0 0 1 3 2 } ---------------- --------- This is a bio security term that refers to situations where genetically similar nt sequences occur among populations of the same virus obtained from infected plants growing in different countries \[ [@ B 1 4 - viruses - 1 2 - 0 0 1 3 2 ] \] . In studies with pot y virus isolates from infected crops in Northern Australia and nearby countries ET and PNG , genetic connectivity was demonstrated in three instances . These <end_of_turn>"
gemma-2-9b-it/gemmascope-res-131k,10889,119,"buddhist, dharma, mandala, monastery, monk, pagoda, Sangha, stupa, vihara, buddha, buddhism, tripitaka, vesak","<start_of_turn> user <bos> es man ]. We believe that this is the ultimate limit of a sky rm ion size on the square lattice . [* Micro magnetic model *] {} The analysis of the isolated sky rm ion can also be fulfilled on the level of the micro magnetic model treating the magnetization as a continuous vector field [@ SM ]. Contrary to the case of nonzero exchange interaction , the Heisenberg - exchange - free Hamiltonian allows to obtain an analytical solution for the sky rm ionic profile . In the particular case of the square lattice , the radius of the isolated sky rm ion is equal to $ R = 4 Da / B $, where <end_of_turn>"
gemma-2-9b-it/gemmascope-res-16k,9884,55,"buddhist, dharma, mandala, monastery, monk, pagoda, Sangha, stupa, vihara, buddha, buddhism, tripitaka, vesak","<start_of_turn> user <bos> A deft ly woven tale of warring kingdoms and the redeeming power of love . Another winner from Sophie Masson . Juliet Mar illier , author of the Shadow fell series . Ant oinette and Jacqueline have little in common beyond a mutual anti pathy for their paranoid , domine ering mother , a bond which has united them since childhood . In the aftermath of a savage betrayal , Antoinette lands on her sister s doorstep bearing a suitcase and a broken heart . But Jacqueline , the ambitious would - be manager of a trendy Melbourne art gallery , has her own problems chasing down a delinquent painter in the sw el tering heat <end_of_turn>"
gemma-2-9b-it/gemmascope-res-16k,9884,55,"buddhist, dharma, mandala, monastery, monk, pagoda, Sangha, stupa, vihara, buddha, buddhism, tripitaka, vesak","<start_of_turn> user <bos> enjoy reading something from them . In conclusion , this story was sweet for some moments , but the protagonists wasted so much time that we barely got to see their bright side together . I did enjoyed the beginning and the ending , but I rushed through the middle , not fan cing it so much . <bos> Q : Which File Is Missing ? "" i 6 8 6 - apple - darwin 1 1 - llvm - g ++ - 4 . 2 : No such file or directory "" I ' m getting the following error from my compiler : g ++ - c - m 3 2 trace cone . cpp - <end_of_turn>"
gemma-2-9b-it/gemmascope-res-16k,9884,55,"buddhist, dharma, mandala, monastery, monk, pagoda, Sangha, stupa, vihara, buddha, buddhism, tripitaka, vesak","<start_of_turn> user <bos> this is about singing and covering other people s songs , so I don t know that this works in this format because you re singing someone else s lyrics and you also don t necessarily have a vocal ability , so what are you showcasing if they re not your lyrics ? It kind of gets into murky water , lost in translation . The Black Widow hit maker who was born in Sydney and grew up in Mull umb im by sees America as her home now but enjoys returning to her birth country from time to time . She said : I mean , to <end_of_turn>"
gemma-2-9b-it/gemmascope-res-16k,9884,55,"buddhist, dharma, mandala, monastery, monk, pagoda, Sangha, stupa, vihara, buddha, buddhism, tripitaka, vesak","<start_of_turn> user <bos> the tissue 6 of disease . As the preacher is a afterwards cardiac one , lint is distant . The where can i get n ure flex in australia of it well recalls to me how it brought cartila ges of organism 8 to my ha ps as a rapidity . For 7 0 observations impossible house ounces for one gods ' par ox ysm , sl . This is like saying that fome n ure flex prices in canada was doomed and went out with dar win . Washing out of the state was together practiced , but without any great cause . Focus of leg , in buying n ure flex in spain or size ingredients , is <end_of_turn>"
gemma-2-9b-it/gemmascope-res-16k,9884,55,"buddhist, dharma, mandala, monastery, monk, pagoda, Sangha, stupa, vihara, buddha, buddhism, tripitaka, vesak","<start_of_turn> user <bos> 0 3 2 0 0 <bos> The immune system has the peculiar ability to respond to foreign substances ( or antigens ) by producing antibody molecules that bind to these anti gens with extremely high affinity and a remarkable degree of spec ificity . In order to achieve this high level of affinity , B cells the cells that produce antibodies must undergo a series of steps that cul minate in the generation of an anatomical structure known as the ger minal center ( GC ). Within this structure , B cells introduce random mutations into their antibody genes and , in a process reminiscent of Darwin ian evolution <end_of_turn>"
gpt2-small/res-jb,13445,154,"buddhist, dharma, mandala, monastery, monk, pagoda, Sangha, stupa, vihara, buddha, buddhism, tripitaka, vesak","for that amount of time comes with its own challenges . We re in a unique space , he explains , we re still trying to grow , but there s only so much you can do without having the product yet . The Hamilton group has been privileged to have an ownership group that has been active in promoting the league , and has been open about their ambitions from the start . Bob Young , the owner of the Tiger Cats and future owner of the Hamilton C PL team , has expressed a great deal of enthusiasm , and has also opened his organization to input from the Battalion members"
gpt2-small/res-jb,13445,154,"buddhist, dharma, mandala, monastery, monk, pagoda, Sangha, stupa, vihara, buddha, buddhism, tripitaka, vesak","because she feared for her safety . "" I 'm just a little bit concerned that this might be a lot bigger . I 've never been involved in anything like this ever before ."" She refused to name the man who she said sc ammed her . "" I 'm not wanting to protect him , but I 'm not prepared to name any names for fear of any retribution ."" Ms Armstrong said reports she was carrying four driver 's licences when arrested were wrong . She told NZ PA she had three licences -- New Zealand , Australian , and Cook Islands -- with her at the time . She said the"
gpt2-small/res-jb,13445,154,"buddhist, dharma, mandala, monastery, monk, pagoda, Sangha, stupa, vihara, buddha, buddhism, tripitaka, vesak","life balance is the amount of time we spend at work . Evidence suggests that spending too much time at work can impair our health , jeopard ise our safety and increase stress . In Australia , approximately 14 % of employees work very long hours , one of the highest rates in the OECD . Interestingly , Australian users of the Better Life Index consistently give work - life balance top priority . Policy makers can help address the issue by encouraging supportive and flexible working practices . The Australia Institute ( TA I ) has been conducting research since 2001 , and in 2009 it launched National Go Home on Time Day as a light - hearted way to start a"
gpt2-small/res-jb,13445,154,"buddhist, dharma, mandala, monastery, monk, pagoda, Sangha, stupa, vihara, buddha, buddhism, tripitaka, vesak","Australia , South Africa and Europe often playing there . The American witness said the raid appeared aimed at ending those festivities once and for all . I feel like this is a way to send a signal to the exp at community , he said . Speaking on the eve of the raid , Deng Guang she ng , Shen zhen s top anti - drug s officer , told the Shen zhen Evening News that his city had become an important drug distribution centre because of its proximity to Hong Kong and Mac au . Meanwhile , rave af icion ados in southern China mourn ed the death of the region"
gpt2-small/res-jb,13445,154,"buddhist, dharma, mandala, monastery, monk, pagoda, Sangha, stupa, vihara, buddha, buddhism, tripitaka, vesak",this picture we can also see that the tubing has been slee ved to look like power supply c abling . Which should allow the tubing to blend in with the rest of the system s interior . Adding to that clean hom ogeneous look with the card is installed . You can check out the full specs of Fury X and Fury here and the estimated performance of Fury X here . W CC FT ech AMD Radeon R 9 Fury X 2 AMD Radeon R 9 Fury X AMD Radeon R 9 Nano AMD Radeon R 9 Fury AMD Radeon R 9 290 X GPU Fiji XT x 2 Fiji XT Fiji XT Fiji Pro Hawaii XT Stream Process
gpt2-small/att-kk,8505,121,"buddhist, dharma, mandala, monastery, monk, pagoda, Sangha, stupa, vihara, buddha, buddhism, tripitaka, vesak","<|endoftext|> particular WR 750 doesn t spend its life tucked away under cover to only be taken out for special days . Ross brings his WR to all kinds of events . Most recently , After shock Sydney 2017 a notoriously unsafe time if motorcycle preservation is concerned . Regardless , this old Harley bel ted around the muddy flat track in the rain , dodging dod gy builds , and giving these young wh ippers n appers a run for their money . Ross is no stranger to this style of Har leys . Wind the clock back nearly 50 years to Ross buying his first motorcycle a 1942 Harley - David son W LA . I purchased the"
gpt2-small/att-kk,8505,121,"buddhist, dharma, mandala, monastery, monk, pagoda, Sangha, stupa, vihara, buddha, buddhism, tripitaka, vesak","<|endoftext|> A spokesman Peter Gibson says he hopes the ash cloud will have dissip ated by then . "" Obviously we 've got hundreds of thousands of passengers today disrupted right around the country ,"" he said . "" When you take out major centres like Sydney and Melbourne , the knock - on effects of that are huge , and that 's unfortunate , but safety has to come first . "" When it 's safe to go flying , the airlines will go back , but not until then ."" Virgin 's domestic cancell ations alone affect 170 flights and 120 , 000 people . Virgin spokeswoman Danielle Ke ig her y says all flights from"
gpt2-small/att-kk,8505,121,"buddhist, dharma, mandala, monastery, monk, pagoda, Sangha, stupa, vihara, buddha, buddhism, tripitaka, vesak","<|endoftext|> friendship , networking these are all critical connections and the foundation of a healthy , happy life . We want to bring you closer to all of these connections , in an empowered way ,"" says Whitney Wolfe Her d , Founder and CEO of B umble . Better get sw iping for that dream job , then ! <|endoftext|> For get tax breaks or middle - class welfare . Right wing political parties best chance of rapidly winning over voters could be via the lottery , according to new research . A joint Australian and British study has found that lottery winners tend to switch their political alleg iances to right wing parties after their wind falls . They"
gpt2-small/att-kk,8505,121,"buddhist, dharma, mandala, monastery, monk, pagoda, Sangha, stupa, vihara, buddha, buddhism, tripitaka, vesak","<|endoftext|> extremely pale colour ation is caused by a recess ive gene and thought to be inherited from mother T ia , which has had other pale coloured jo e ys in the past . Australia Zoo Wildlife Hospital director Dr Ros ie Booth said it was more unusual to see a ko ala with fur this light and with eyes and skin remaining the usual brown black than it was to see a ko ala with al bin ism . "" In veterinary science it 's often referred to as the ' silver ing gene ', where animals are born with white or very pale fur and , just like baby teeth , they eventually shed their baby fur and the"
gpt2-small/att-kk,8505,121,"buddhist, dharma, mandala, monastery, monk, pagoda, Sangha, stupa, vihara, buddha, buddhism, tripitaka, vesak","<|endoftext|> . In a statement released Wednesday , Caroline Fer land , vice - president of corporate and regulatory affairs for Imperial Tobacco Canada , said she was "" extremely disappointed "" in the court ruling . "" There is no proof to suggest plain packaging of tobacco products will be effective in discouraging youth initiation or encouraging cessation by existing smokers ,"" she said . Fer land also insisted that the court decision would have no impact in Canada . "" Canada and Australia are two very different countries with different constit utions As such , today s decision only concerns Australian constitutional law and in no way suggests a similar law would be constitutional in"
llama3.1-8b/llamascope-res-32k,7551,91,"buddhist, dharma, mandala, monastery, monk, pagoda, Sangha, stupa, vihara, buddha, buddhism, tripitaka, vesak","this season . This is 47 more runs than the second -best South Sydney Rabbit oh s who sit on 203 . The Raiders have also impressed when it comes to the kicking game . Ricky Stuart 's side is placed first in the NRL for both total kicks ( 333 ) and 40 / 20 kicks ( 3 ). Both stats help the Raiders gain crucial metres out of the back half of the field , leading to strong attacking positions . Post Origin Perform ances Can berra currently sits fourth on the ladder and wins in the final half of the season will help the Raiders secure a top -four spot . The Raiders will be looking to get essential wins"
llama3.1-8b/llamascope-res-32k,7551,91,"buddhist, dharma, mandala, monastery, monk, pagoda, Sangha, stupa, vihara, buddha, buddhism, tripitaka, vesak","that has begun to be packaged and pitched I could not be more apprec iative for the help . <|begin_of_text|> Eine sch ne Fehler meldung habe ich Mont ag auf dem Fl ugh afen von Auckland g esehen . Le ider konnte nich nicht dra uf k licken . Sch ade . This entry was posted on Fre itag , August 14 th , 200 9 at 07 : 02 and is filed under All geme ine News . You can follow any responses to this entry through the RSS 2 . 0 feed . You can leave a response , or track back from your own site . <|begin_of_text|> H APP IL Y IMP ER F ECT The random bur blings of"
llama3.1-8b/llamascope-res-32k,7551,91,"buddhist, dharma, mandala, monastery, monk, pagoda, Sangha, stupa, vihara, buddha, buddhism, tripitaka, vesak",", delivering quality education projects around the world and Sup re Foundation that funds projects that educate , support and empower young girls . This is our journey of continuous improvement . One that we are committed to for the long haul . 201 4 : Established employee car pool ing system 201 5 : Implemented recycling at Global Support Centre ( Ge elong ) 201 6 : Introduced recycled boxes and shipping bags 201 8 : Comm enced working toward goal of zero plastic shopping bags with recycled and recycl able paper bags 201 8 : Packing machine installed at Australian DC to reduce packaging waste for online deliveries 201 8 : Establish Manufacturing Restricted Substance List 201 8 : Establish"
llama3.1-8b/llamascope-res-32k,7551,91,"buddhist, dharma, mandala, monastery, monk, pagoda, Sangha, stupa, vihara, buddha, buddhism, tripitaka, vesak","with our forbidden medicinal cargo ."" The thought lines run in long narrative and disc ursive st anz as sometimes marked by a complexity of rhythm , a loft iness of d iction , and a profund ity of thought that bloss oms into a more traditional mode of poetry : ""T error is to the survivor what valor is to the warrior : a priest ; consider the multi -f a ith corpses whose myriad beliefs had this covered ; a mystery who will get it ; humor is their tal isman , any sw atch in a field ."" Hamilton 's verse often rises to an elo quence that extends to the limits of speech in lines like "" No hand / is big"
llama3.1-8b/llamascope-res-32k,7551,91,"buddhist, dharma, mandala, monastery, monk, pagoda, Sangha, stupa, vihara, buddha, buddhism, tripitaka, vesak","uf el berger | P UBL ISHED : November 12 , 201 4 at 12 : 00 am | UPDATED : September 8 , 201 8 at 12 : 00 am D UR HAM >> Sometimes , statistics don "" t tell the entire story , or even most of it . The Durham High volleyball team was going to a fifth set at Hamilton in a Nov . 4 Sacramento Valley League match , and Tro j ans coach No elle Ke ese decided to go against her standard move of sub bing for Beth any Cook after the senior serves . ""I said , "" We need her heart ,"" "" Ke ese recalled telling her assistant"
gemma-2-9b/gemmascope-res-16k,9403,135,"buddhist, dharma, mandala, monastery, monk, pagoda, Sangha, stupa, vihara, buddha, buddhism, tripitaka, vesak",", remote engine start and speed warnings . <bos> Richard Brou n Richard Brou n may refer to : Richard Brou n ( politician ), see Members of the Western Australian Legislative Council , 1 8 3 2 - 1 8 7 0 Sir Richard Brou n , 6 th Baron et 1 3 Dec 1 7 8 1 of the Brou n Baron ets Sir Richard Brou n , 8 th Baron et ( 1 8 0 1 1 8 5 8 ), of the Brou n Baron ets See also Richard Brown ( disambiguation ) B rou n ( surname ) <bos> i CADE 8 - Bit ty to debut at"
gemma-2-9b/gemmascope-res-16k,9403,135,"buddhist, dharma, mandala, monastery, monk, pagoda, Sangha, stupa, vihara, buddha, buddhism, tripitaka, vesak","the accompanying drawings . <bos> United Kingdom The look on Mim s face said it all ; That is one of the best things I ve ever tasted , she said gle efully , pushing the glor iously large yet somewhat daunting mac and cheese toast y across the table for Mark to taste . Were we in Manchester , or had we magically tele ported back to our hometown of Melbourne for some top quality grub ? Being from Melbourne , we re kinda food sno bs . When you ve got access to so many incredible restaurants , it s hard not to be . <bos> Book Review : Crochet Saved My Life Sunday , March"
gemma-2-9b/gemmascope-res-16k,9403,135,"buddhist, dharma, mandala, monastery, monk, pagoda, Sangha, stupa, vihara, buddha, buddhism, tripitaka, vesak","you at the event . <bos> Successful communication hinges on keeping track of who and what we are talking about . For this reason , person reference sits at the heart of the social sciences . Referring to persons is an interaction al process where information is transferred from current speakers to the recipients of their talk . This dissertation concerns itself with the work that is achieved through this transfer of information . The interaction al approach adopted is one that combines the "" micro "" of conversation analysis with the ' macro ' of genealog ically grounded anthropological linguistics . Mur rin y Pat ha , a non - P ama - Ny ungan language spoken in the north of Australia , is a"
gemma-2-9b/gemmascope-res-16k,9403,135,"buddhist, dharma, mandala, monastery, monk, pagoda, Sangha, stupa, vihara, buddha, buddhism, tripitaka, vesak","wife had known each other about 1 8 months when they were arrested in Melbourne . He said when they collected the cash from the Mantra hotel he was not concerned about where it was coming from or where it was going , he was just hoping they wouldn not be robbed . "" To me it felt a little grey area ,"" Mets aran ta told police . "" I have to admit I was a little uncomfortable with that much money ."" M ets aran ta said his wife had received a call after they landed in Melbourne , but he did not know what it was about because he could not speak Mandarin or Cantonese . They travelled"
gemma-2-9b/gemmascope-res-16k,9403,135,"buddhist, dharma, mandala, monastery, monk, pagoda, Sangha, stupa, vihara, buddha, buddhism, tripitaka, vesak","record sales . He and his wife successfully sold off the majority of their business and commenced semi - retirement . Associate of Coach Tony In man . Read Tony s book , If Life s Worth Doing , It s Worth Doing Well and was inspired to re - think his work / life balance and to immediately set up his business in such a way that he could take more holidays . ***** David Bears ley Business Marketing Consultant and Trainer , Owner of Superior Business Networks , Perth , Western Australia . Associate of Coach Tony In man . Worked with Tony to co - fac ilitate business improvement programs . Eng ages Tony"
