model,total_queries,geo_south_america_mentions_count,queries_with_geo_south_america_mentions,example
gemma-2-2b/gemmascope-att-16k,3190,13,"burka, hijab, mosque, muslim, quran, allah, imam, eid, hajj, halal, islam, mecca, ramadan","lia said . Music Fest started earlier this week but will host its featured acts this weekend . Bands include head liners Train and Spoon , as well as OK GO , Soul Asylum , Suzanne Vega , The Bra very and The Zombies . D ' E lia urged those planning to attend the concerts to take common precautions such as wearing long pants and applying mosquito repellent . <bos> Q : Loop ing within a regular expression can regex able to find a patter to this ? {{ foo . bar 1 . bar 2 . bar 3 }} where in the groups would be $ 1 = foo $ 2 = bar 1 $ 3 = bar"
gemma-2-2b/gemmascope-res-65k,8515,73,"burka, hijab, mosque, muslim, quran, allah, imam, eid, hajj, halal, islam, mecca, ramadan","a request asking the nation ' s forgiveness . It states : "" For the first time the party is asking for the country ' s pardon , for acts practiced by leaders of the party without the knowledge of other party members , acts that in the eyes of the Brazilian nation , were morally and politically condem nable ."" 1 9 August - Bur atti makes an agreement with the authorities and reveals the alleged plan and receipt of money in numerous local districts in Minas Gerais and S o Paulo . The most controversial element is his allegation regarding the Minister of Finance Antonio Pal oc ci who was mayor ( 1 9 9 3 1 9 9 6 ) of Ribe"
gemma-2-2b/gemmascope-res-65k,8515,73,"burka, hijab, mosque, muslim, quran, allah, imam, eid, hajj, halal, islam, mecca, ramadan","to request financial help for the Workers Party and P TB . He says that he doesn ' t consider himself a friend of Val rio . 1 7 August - The Workers Party ( PT ) National Executive Committee issues a request asking the nation ' s forgiveness . It states : "" For the first time the party is asking for the country ' s pardon , for acts practiced by leaders of the party without the knowledge of other party members , acts that in the eyes of the Brazilian nation , were morally and politically condem nable ."" 1 9 August - Bur atti makes an agreement with the authorities and reveals the alleged plan and receipt"
gemma-2-2b/gemmascope-res-65k,8515,73,"burka, hijab, mosque, muslim, quran, allah, imam, eid, hajj, halal, islam, mecca, ramadan","federal money for his son , the mayor of Cru zeiro do Oeste ( Paran ), Jos Carlos Becker de Oliveira ( aka Z eca Dir ceu ). 2 9 October Vladimir Pole to and Roger io Bur atti , two former advisers to Finance Minister Antonio Pal oc ci , are quoted in the Brazilian magazine Veja claiming that Cuban funds were used to support the political campaign of Luiz In cio Lula da Silva in 2 0 0 2 . According to the magazine ' s different sources , either $ 3 or $ 1 . 4 million are brought to Brazil through former diplomat and Cuban Communist Party leader Sergio Cervantes . Pole to states that he personally carried the"
gemma-2-2b/gemmascope-res-65k,8515,73,"burka, hijab, mosque, muslim, quran, allah, imam, eid, hajj, halal, islam, mecca, ramadan","candidate Aldo Rebel o from the Brazilian Communist Party wins the election for the Presidency of the House . The election is perceived as a victory for Lula and other politicians under pressure by the scandal . October 5 October - The main suspects in connection to the corruption allegations regarding contracts between the Brazilian public bank Caixa Econ mica Federal and the enterprise G tech confront each other in front of the Bingo CPI . , Enrico Gian elli , Rog rio Bur atti , Marcelo Jos Ro vai , and Carlos Augusto de Almeida Ramos ( Car lin hos Cach oe ira ) exchange insults and accusations . 6 October - Bruno Jos Daniel Filho , younger brother of Cel so"
gemma-2-2b/gemmascope-res-65k,8515,73,"burka, hijab, mosque, muslim, quran, allah, imam, eid, hajj, halal, islam, mecca, ramadan","explore themes of technological evolution , species diversification and takes the all - powerful creepy child theme to a scary new level . In a land where no stars appear in the night sky , a group of strangers with ancest ries reaching back to an earlier apocalyptic disaster come together to track down a resurrected corpse whose very existence port ends the End of the World . Fragments of a Broken Land : Val arl Undead is an epic tale of greed , dying magic , distorted mon stro sities and a mot ley group of heroes , with a strange and breathless climax you won t easily forget . This is a tale of heroes . It includes all"
gemma-2-2b/gemmascope-res-16k,11475,178,"burka, hijab, mosque, muslim, quran, allah, imam, eid, hajj, halal, islam, mecca, ramadan","to request financial help for the Workers Party and P TB . He says that he doesn ' t consider himself a friend of Val rio . 1 7 August - The Workers Party ( PT ) National Executive Committee issues a request asking the nation ' s forgiveness . It states : "" For the first time the party is asking for the country ' s pardon , for acts practiced by leaders of the party without the knowledge of other party members , acts that in the eyes of the Brazilian nation , were morally and politically condem nable ."" 1 9 August - Bur atti makes an agreement with the authorities and reveals the alleged plan and receipt"
gemma-2-2b/gemmascope-res-16k,11475,178,"burka, hijab, mosque, muslim, quran, allah, imam, eid, hajj, halal, islam, mecca, ramadan","initiates legal action against Jos Dir ceu for alleged impropri ety . Documents brought forward by the Attorney General ' s office indicate that between 2 0 0 3 and 2 0 0 4 Dir ceu organized a special privileged structure for granting federal money for his son , the mayor of Cru zeiro do Oeste ( Paran ), Jos Carlos Becker de Oliveira ( aka Z eca Dir ceu ). 2 9 October Vladimir Pole to and Roger io Bur atti , two former advisers to Finance Minister Antonio Pal oc ci , are quoted in the Brazilian magazine Veja claiming that Cuban funds were used to support the political campaign of Luiz In cio Lula da Silva in 2"
gemma-2-2b/gemmascope-res-16k,11475,178,"burka, hijab, mosque, muslim, quran, allah, imam, eid, hajj, halal, islam, mecca, ramadan","This is notably different behaviour to what happens outside the flex box model , where the child of a fixed height / width container may have it content clipped , but it will retain the necessary size to hold its content . Part of the content will merely be hidden . Here , the flex item really is being ( potentially ) resized to be smaller than its content , which has quite important implications ( particularly if you want a child element to have a scroll bar for its content ). <bos> National Route 1 0 1 ( Argentina ) National Route 1 0 1 is a national road in the NW of M isiones Province , Argentina ending"
gemma-2-2b/gemmascope-res-16k,11475,178,"burka, hijab, mosque, muslim, quran, allah, imam, eid, hajj, halal, islam, mecca, ramadan","1 2 , 2 0 0 9 , the La Cla irs answered inter rog atories and listed the following as caused by the PTS M s neg ligence : admission to Suburban from November 1 to November 1 3 , 2 0 0 7 ; admission to the rehabilitation center from November 1 3 to November 3 0 ; admission to Georgetown University for ( Continued ) 1 7 found , the act , . . . the putting back in bed is not itself extra ordinary . J . A . 7 6 7 . Mrs . La Clair"
gemma-2-2b/gemmascope-res-16k,11475,178,"burka, hijab, mosque, muslim, quran, allah, imam, eid, hajj, halal, islam, mecca, ramadan","when he went . The loyalty of the Sanders family of Jackson County to the Union probably had more to do with the unique political climate of the county rather than with any philosophy unique to this family . Close relatives of Joseph and his nephew John who lived outside the county often joined the Confederate Army . John Sanders himself recognized the influence of geographical location in his testimony to the Southern Claims Commission : I have a brother said to be in the Confederate army . I did not see him [ join ?] Isaac Sanders , forty - four or five years of age on entering the Confederate army in Montgomery County , Arkansas . I have no influence on him ."
gemma-2-9b-it/gemmascope-res-131k,10412,101,"burka, hijab, mosque, muslim, quran, allah, imam, eid, hajj, halal, islam, mecca, ramadan","<start_of_turn> user <bos> a request asking the nation ' s forgiveness . It states : "" For the first time the party is asking for the country ' s pardon , for acts practiced by leaders of the party without the knowledge of other party members , acts that in the eyes of the Brazilian nation , were morally and politically condem nable ."" 1 9 August - Bur atti makes an agreement with the authorities and reveals the alleged plan and receipt of money in numerous local districts in Minas Gerais and S o Paulo . The most controversial element is his allegation regarding the Minister of Finance Antonio Pal oc ci who was mayor ( 1 9 9 3 1 <end_of_turn>"
gemma-2-9b-it/gemmascope-res-131k,10412,101,"burka, hijab, mosque, muslim, quran, allah, imam, eid, hajj, halal, islam, mecca, ramadan","<start_of_turn> user <bos> explore themes of technological evolution , species diversification and takes the all - powerful creepy child theme to a scary new level . In a land where no stars appear in the night sky , a group of strangers with ancest ries reaching back to an earlier apocalyptic disaster come together to track down a resurrected corpse whose very existence port ends the End of the World . Fragments of a Broken Land : Val arl Undead is an epic tale of greed , dying magic , distorted mon stro sities and a mot ley group of heroes , with a strange and breathless climax you won t easily forget . This is a tale <end_of_turn>"
gemma-2-9b-it/gemmascope-res-131k,10412,101,"burka, hijab, mosque, muslim, quran, allah, imam, eid, hajj, halal, islam, mecca, ramadan","<start_of_turn> user <bos> we have another ex - grand prix driver Steph ane Sar azz in . Don t remember the lad ? We wouldn t blame you : he started just one race , in a Min ardi , at the Brazilian Grand Prix of 1 9 9 9 . Then seen as an F 1 racer of the future , Sar azz in was sub bing for the injured Luca B ado er at Inter lagos , and actually qualified rather well , taking 1 7 th on the grid and thus out - doing his team - mate which , fun n ily enough , was the aforementioned Gene . However Sar azz in would exit <end_of_turn>"
gemma-2-9b-it/gemmascope-res-131k,10412,101,"burka, hijab, mosque, muslim, quran, allah, imam, eid, hajj, halal, islam, mecca, ramadan","<start_of_turn> user <bos> this is all possible because ISO images primarily designed for optical disks can also be written to regular other stor ages as pen drives . And Apple has also put the right bits on these ISO images to allow it to boot from non - optical disks too . <bos> Lol lap aloo za Argentina Tickets Brave festival hunters of the internet , do we have something for you ! Yes , Festival period looms over the horizon and we ve got Lol lap aloo za Argentina tickets for your pleasure ! With a sensational line - up and an even more sensational atmosphere , Lol lap aloo za Argentina has always been a staple for any <end_of_turn>"
gemma-2-9b-it/gemmascope-res-131k,10412,101,"burka, hijab, mosque, muslim, quran, allah, imam, eid, hajj, halal, islam, mecca, ramadan","<start_of_turn> user <bos> lia said . Music Fest started earlier this week but will host its featured acts this weekend . Bands include head liners Train and Spoon , as well as OK GO , Soul Asylum , Suzanne Vega , The Bra very and The Zombies . D ' E lia urged those planning to attend the concerts to take common precautions such as wearing long pants and applying mosquito repellent . <bos> Q : Loop ing within a regular expression can regex able to find a patter to this ? {{ foo . bar 1 . bar 2 . bar 3 }} where in the groups would be $ 1 = foo $ 2 = <end_of_turn>"
gemma-2-9b-it/gemmascope-res-16k,10163,117,"burka, hijab, mosque, muslim, quran, allah, imam, eid, hajj, halal, islam, mecca, ramadan","<start_of_turn> user <bos> one of the first franchise deals in the U . S . The first motor lodge was opened in Savannah Georgia in 1 9 5 4 , and it was designed by architects Rufus N ims and Karl Koch . From there , in a nutshell , the business boo med and the motor lodges became known for their ubiquitous roadside advertisements : In the 1 9 6 0 s and 7 0 s , there were over 1 , 0 0 0 Ho Jos across the United States and Canada . There is a site completely dedicated to posting pictures of former Ho Jos , called Ho Jo Land . com Then , <end_of_turn>"
gemma-2-9b-it/gemmascope-res-16k,10163,117,"burka, hijab, mosque, muslim, quran, allah, imam, eid, hajj, halal, islam, mecca, ramadan","<start_of_turn> user <bos> explore themes of technological evolution , species diversification and takes the all - powerful creepy child theme to a scary new level . In a land where no stars appear in the night sky , a group of strangers with ancest ries reaching back to an earlier apocalyptic disaster come together to track down a resurrected corpse whose very existence port ends the End of the World . Fragments of a Broken Land : Val arl Undead is an epic tale of greed , dying magic , distorted mon stro sities and a mot ley group of heroes , with a strange and breathless climax you won t easily forget . This is a tale <end_of_turn>"
gemma-2-9b-it/gemmascope-res-16k,10163,117,"burka, hijab, mosque, muslim, quran, allah, imam, eid, hajj, halal, islam, mecca, ramadan","<start_of_turn> user <bos> studying this because we can see this happening in the current - day political climate ."" More y encourages students to bring in examples of articles from today ' s news that don ' t ring true . "" Once you expose it to them ,"" she says , "" it ' s like a game for them , seeing , ' Hey , I ' m not sure I can trust this .' "" Extra layers For 1 3 years , Larry Fer la zzo has been teaching kids who are learning English how to read and write . Now , he ' s adding another layer : helping them figure out if what they <end_of_turn>"
gemma-2-9b-it/gemmascope-res-16k,10163,117,"burka, hijab, mosque, muslim, quran, allah, imam, eid, hajj, halal, islam, mecca, ramadan","<start_of_turn> user <bos> a request asking the nation ' s forgiveness . It states : "" For the first time the party is asking for the country ' s pardon , for acts practiced by leaders of the party without the knowledge of other party members , acts that in the eyes of the Brazilian nation , were morally and politically condem nable ."" 1 9 August - Bur atti makes an agreement with the authorities and reveals the alleged plan and receipt of money in numerous local districts in Minas Gerais and S o Paulo . The most controversial element is his allegation regarding the Minister of Finance Antonio Pal oc ci who was mayor ( 1 9 9 3 1 <end_of_turn>"
gemma-2-9b-it/gemmascope-res-16k,10163,117,"burka, hijab, mosque, muslim, quran, allah, imam, eid, hajj, halal, islam, mecca, ramadan","<start_of_turn> user <bos> candidate Aldo Rebel o from the Brazilian Communist Party wins the election for the Presidency of the House . The election is perceived as a victory for Lula and other politicians under pressure by the scandal . October 5 October - The main suspects in connection to the corruption allegations regarding contracts between the Brazilian public bank Caixa Econ mica Federal and the enterprise G tech confront each other in front of the Bingo CPI . , Enrico Gian elli , Rog rio Bur atti , Marcelo Jos Ro vai , and Carlos Augusto de Almeida Ramos ( Car lin hos Cach oe ira ) exchange insults and accusations . 6 October - Bruno Jos Daniel Filho <end_of_turn>"
gpt2-small/res-jb,13731,122,"burka, hijab, mosque, muslim, quran, allah, imam, eid, hajj, halal, islam, mecca, ramadan","warning : frozen Buddhist This is an ex - mon k . He has ceased to be . Bere ft of life , he rests in peace . He has joined the choir invisible : According to the BBC News , this monk s body ( his robes are beside him in the photo ) was found frozen and preserved in Mongolia . There s no telling how long he s been dead , but the Mongol ian climate probably freeze - d ried the body , explaining the remarkable preservation . The thing is , though , that some Buddh ists think he s alive ! But Dr Barry Ker"
gpt2-small/res-jb,13731,122,"burka, hijab, mosque, muslim, quran, allah, imam, eid, hajj, halal, islam, mecca, ramadan",of a warming climate on these ecosystems could be much worse than expected comparable to humans
gpt2-small/res-jb,13731,122,"burka, hijab, mosque, muslim, quran, allah, imam, eid, hajj, halal, islam, mecca, ramadan","Lima 's Team One in the final , is now down to just a duo ."
gpt2-small/res-jb,13731,122,"burka, hijab, mosque, muslim, quran, allah, imam, eid, hajj, halal, islam, mecca, ramadan","amassed a personal archive of file cards on a quarter - million suspected U . S . sub vers ives .) As fears about fascism and communism escalated during the 1930 s , U . S . attent ions turned outward again . Franklin Roosevelt s administration , eager to access the intelligence collected by foreign police forces , directed the Federal Bureau of Investigation to develop relationships with its counterparts abroad . The FBI helped countries such as Brazil and Colombia set up secret intelligence services from which the U . S . could profit , both by gaining access to foreign surveillance data and by hon ing strategies that could later be integrated into domestic police practices . As"
gpt2-small/res-jb,13731,122,"burka, hijab, mosque, muslim, quran, allah, imam, eid, hajj, halal, islam, mecca, ramadan","High bury Corner to Pot ters Bar . Cy cling s Ned B oul ting a London er had another idea : <|endoftext|> The cold winters in recent years have led some people to question the reality of climate change . But the winters have come at times where the global temperature was at or near record highs so the issue was how the cold was distributed around the globe as much as anything else . At the same time , there have been some suggestive hints that climate change may be influencing that distribution , at least indirectly , through the loss of Arctic sea ice . The idea was very preliminary , however , and it"
gpt2-small/att-kk,8315,132,"burka, hijab, mosque, muslim, quran, allah, imam, eid, hajj, halal, islam, mecca, ramadan","<|endoftext|> Esc obar when he got killed . Last week Pen a and Murphy met again on a Hollywood red carpet . A far cry from their days in Colombia . Actor Pedro P asc ual , famous for Game Of Thrones , plays Pen a . This is a man who has been fighting for one thing for many years . He is very obsessed with his objective and this is the closest he has gotten - and we will see what he is capable of . You know Pedro P asc ual looked like me - back 30 years ago , Pen a said with a laugh ."
gpt2-small/att-kk,8315,132,"burka, hijab, mosque, muslim, quran, allah, imam, eid, hajj, halal, islam, mecca, ramadan","<|endoftext|> on the role of fossil fuels in driving climate change , despite knowledge of its causes dating back decades . Inside Climate News told the story of how one of Exxon s own scientists told the company s management in 1977 that carbon dioxide emitted through the burning of fossil fuels was the "" most likely driver of global climate change . And the LA Times documented how Exxon s ought to down play the certainty of global warming , even as it charged its scientists with assessing how to prepare for the phenomenon . L ieu and De S aul n ier compared Exxon s conduct to cigarette"
gpt2-small/att-kk,8315,132,"burka, hijab, mosque, muslim, quran, allah, imam, eid, hajj, halal, islam, mecca, ramadan","<|endoftext|> s Venezuelan offices were raided by Venezuela s military intelligence over claims that its employees were paid by the CIA to spy on the South American country . When asked about this in a CNBC interview which was cited in a story by independent journalist Tom Bur gh ard t , Stanford declined to comment on any involvement with the CIA rather than outright deny it . All of the these dealings by Stanford , and the complicity of his employees in facilitating them , was public information before January 2010 , when Mitt Romney addressed the first full meeting of Sol ame re s investors . Yet his son T agg chose to hire into his family these"
gpt2-small/att-kk,8315,132,"burka, hijab, mosque, muslim, quran, allah, imam, eid, hajj, halal, islam, mecca, ramadan","<|endoftext|> He said he hoped an agreement could be reached at a meeting of energy ministers next Wednesday and that Venezuela was ready to be part of any alliance among producers . Price hawk Venezuela , which is suffering a deep economic crisis worsened by a fall in oil prices , has been pushing for a deal to stabilize prices for months and has said it expects non - OP EC countries to support efforts to boost oil prices . <|endoftext|> The Vatican Monday mourn ed the brutal murders of three elderly Italian nuns in their convent in Bur und i in two separate attacks . According to reports on the Italian state wire agency AN SA , the three missionaries were raped"
gpt2-small/att-kk,8315,132,"burka, hijab, mosque, muslim, quran, allah, imam, eid, hajj, halal, islam, mecca, ramadan","<|endoftext|> performers for Colombia this season , making his comeback from a serious knee injury at the Tour de Su isse last season . The test event earlier this month showed that the rolling road race course is well suited to punch y climbers . Hen ao recently put in a good showing at the Tour de P ologne , going into the final day in the race lead after taking a stage win . He would eventually lose that lead in the time trial . Qu int ana finished second at the Tour de France behind Chris Fro ome and claimed victory in the World Tour classified Tir ren o - Ad ri atic o . The final climb is not tough enough for Quint"
llama3.1-8b/llamascope-res-32k,7862,88,"burka, hijab, mosque, muslim, quran, allah, imam, eid, hajj, halal, islam, mecca, ramadan","proud to be part of the Alt itude Team . Through the multi -modal components of this program Alt itude creates safe places and appropriate interventions to help students develop life skills , believe in their own strength and goodness and feel excited about using their time and talent in service to others . Taking place over the course of the entire 8 th grade school year , students participate in workshops , school based clubs , school culture and climate assemblies , community service projects and more . An end of the school year Rally celebrates their success in Taking The Cl imb . We would like to invite you to join us as an Adult Participant at one or more of our our three"
llama3.1-8b/llamascope-res-32k,7862,88,"burka, hijab, mosque, muslim, quran, allah, imam, eid, hajj, halal, islam, mecca, ramadan","hr ates rivers of biblical fame sustain life in Iraq and Syria . The water for those systems originates in Turkey and Iran . A generation of Americans gained some acquaintance with the Mek ong River in Vietnam . The Mek ong Delta is the rice bowl that feeds the country . Mek ong River water originates in China and flows through Myanmar ( Bur ma ), Laos , Cambodia , and Thailand before reaching Vietnam . Thailand and Laos have considered building hydro electric dams on the Mek ong . That would give those countries undue influence over Vietnam , and it could generate violence . If climate change trends continue and if population continues to increase , water conflicts will probably be an aspect of"
llama3.1-8b/llamascope-res-32k,7862,88,"burka, hijab, mosque, muslim, quran, allah, imam, eid, hajj, halal, islam, mecca, ramadan","whole supply chain , driving innovation to use wood in smarter ways , storing carbon for as long as possible and continuing to only use wood from more sustainable sources , certified by the most credible , global third party certification systems . Ing ka Group continues to work closely together with the rest of the business to achieve this by 203 0 . For further information , journalists and media professionals can contact us at press .office @ ing ka .com or by calling + 46 70 993 637 6 Photo Ing ka Investments Forest land 2 Georgia c Stacy F under bur ke WE F Alliance of CEO Climate Leaders calls on all governments to deliver bold climate"
llama3.1-8b/llamascope-res-32k,7862,88,"burka, hijab, mosque, muslim, quran, allah, imam, eid, hajj, halal, islam, mecca, ramadan",". The average temperature in July is 82 Fahrenheit , ( 82 C ) making it warmer than most of France , while January 's temperatures are a cool 55 Fahrenheit ( 13 C ). Mon aco 's location in sunny south -west ern Europe will never fail to warm you . With daylight savings time , the sun doesn 't set until nearly 10 pm in the summer . Of course , the weather is unpredictable and can be windy and rainy at any time , but when the sun is out , you have a warm Mediterranean climate . Not in Monaco , no , but the nearest ski resort is Is ola 200 0 , 68 miles ( 110"
llama3.1-8b/llamascope-res-32k,7862,88,"burka, hijab, mosque, muslim, quran, allah, imam, eid, hajj, halal, islam, mecca, ramadan","Wilson 's show "" Flip ,"" "" The M uppet Show ,"" "" S es ame Street "" and "" The Love Boat ."" She also played the White Queen in Ir win Allen 's made for TV production of "" Alice in Wonderland ."" A lifelong Democrat , her name appeared on Richard Nixon 's "" en emies list ,"" which she called the highest honor of her career . Ch anning was married four times : to Theodore N aid ish , Alex Carson , Charles Lowe and Harry K ull ij ian . She had one son , Ch anning Lowe , an editorial cartoon ist , who survives her . <|begin_of_text|> Climate change is , at its core , an energy problem ,"
gemma-2-9b/gemmascope-res-16k,9630,74,"burka, hijab, mosque, muslim, quran, allah, imam, eid, hajj, halal, islam, mecca, ramadan","a request asking the nation ' s forgiveness . It states : "" For the first time the party is asking for the country ' s pardon , for acts practiced by leaders of the party without the knowledge of other party members , acts that in the eyes of the Brazilian nation , were morally and politically condem nable ."" 1 9 August - Bur atti makes an agreement with the authorities and reveals the alleged plan and receipt of money in numerous local districts in Minas Gerais and S o Paulo . The most controversial element is his allegation regarding the Minister of Finance Antonio Pal oc ci who was mayor ( 1 9 9 3 1 9 9 6 ) of Ribe"
gemma-2-9b/gemmascope-res-16k,9630,74,"burka, hijab, mosque, muslim, quran, allah, imam, eid, hajj, halal, islam, mecca, ramadan","fell far short of mand ating actions to limit CFC production or of establishing a timetable to phase it out . Much like the current climate change debate , it looked as if action on the issue was about to be sty mied by a lengthy political struggle . Two months later , scientists discovered the Antarctic ozone hole . From a climate change perspective , this would be comparable to a large ice sheet breaking off from an ice shelf , melting overnight and causing a small rise in sea level , thereby warning the world of the potential consequences of unchecked climate change . Scientists discovered that ozone levels over the Antarctic had dropped by 1 0 per cent during the winter and"
gemma-2-9b/gemmascope-res-16k,9630,74,"burka, hijab, mosque, muslim, quran, allah, imam, eid, hajj, halal, islam, mecca, ramadan","federal money for his son , the mayor of Cru zeiro do Oeste ( Paran ), Jos Carlos Becker de Oliveira ( aka Z eca Dir ceu ). 2 9 October Vladimir Pole to and Roger io Bur atti , two former advisers to Finance Minister Antonio Pal oc ci , are quoted in the Brazilian magazine Veja claiming that Cuban funds were used to support the political campaign of Luiz In cio Lula da Silva in 2 0 0 2 . According to the magazine ' s different sources , either $ 3 or $ 1 . 4 million are brought to Brazil through former diplomat and Cuban Communist Party leader Sergio Cervantes . Pole to states that he personally carried the"
gemma-2-9b/gemmascope-res-16k,9630,74,"burka, hijab, mosque, muslim, quran, allah, imam, eid, hajj, halal, islam, mecca, ramadan","candidate Aldo Rebel o from the Brazilian Communist Party wins the election for the Presidency of the House . The election is perceived as a victory for Lula and other politicians under pressure by the scandal . October 5 October - The main suspects in connection to the corruption allegations regarding contracts between the Brazilian public bank Caixa Econ mica Federal and the enterprise G tech confront each other in front of the Bingo CPI . , Enrico Gian elli , Rog rio Bur atti , Marcelo Jos Ro vai , and Carlos Augusto de Almeida Ramos ( Car lin hos Cach oe ira ) exchange insults and accusations . 6 October - Bruno Jos Daniel Filho , younger brother of Cel so"
gemma-2-9b/gemmascope-res-16k,9630,74,"burka, hijab, mosque, muslim, quran, allah, imam, eid, hajj, halal, islam, mecca, ramadan","Gran ja R o Ceb allos S ald n Sal si pu edes T inoco Un quillo Villa Allende Villa Cerro Azul Category : Departments of C rdoba Province , Argentina <bos> 1 . Technical Field The present invention relates generally to air conditioning systems and more particularly to an air conditioning system and a method which detects a low - charge state . 2 . Discussion Modern air conditioning systems typically include a compressor , a condenser , a thrott ling device and an evaporator . Operation of the compressor adds heat to a gaseous refrigerant as well as increases its pressure . High - temperature , high - pressure gaseous refrigerant exiting the compressor is delivered"
