model,total_queries,poverty_mentions_count,queries_with_poverty_mentions,example
gemma-2-2b/gemmascope-att-16k,3355,39,"buddhist, dharma, mandala, monastery, monk, pagoda, Sangha, stupa, vihara, buddha, buddhism, tripitaka, vesak","later generations when families of the same surname settle into rural areas during the same era . Excellent work . Thank you , Gary ! This is a very interesting story , especially for me . My Mama s family are Saunders from Tuck ase e gee Valley NC . My 3 X G GF Jordan Holland served from January 1 8 6 3 to August 1 8 6 3 with a Home Guard Unit called the Henry Mounted Rebels in Henry County Alabama , Afterward , he enlisted with the 2 2 nd GA Heavy Artillery for the rest of the War . Page 8 9 of the History of Henry County Alabama ( 2 0 0 2 )"
gemma-2-2b/gemmascope-att-16k,3355,39,"buddhist, dharma, mandala, monastery, monk, pagoda, Sangha, stupa, vihara, buddha, buddhism, tripitaka, vesak","ary power for space probes and satellites <bos> Prevalence of var ico co ele and its association with body mass index among 3 9 , 5 5 9 rural men in eastern China : a population - based cross - sectional study . Var ico co ele is a common cause of male infertility . We undertook a population - based cross - sectional study to evaluate the prevalence of var ico co ele among rural men in eastern China and its association with body mass index . A total of 3 9 , 5 5 9 rural men in six counties in Beijing , Guangdong and Shandong provinces were recruited from 2 0 1 1 to 2 0 1 2 ."
gemma-2-2b/gemmascope-att-16k,3355,39,"buddhist, dharma, mandala, monastery, monk, pagoda, Sangha, stupa, vihara, buddha, buddhism, tripitaka, vesak","TextEdit ? There doesn ' t seem to be a default context menu ( with copy , paste , etc .) for the Rich TextEdit control in Win Forms ? I try right - clicking inside the Rich TextEdit and nothing happens ? A : Correct . The RTE control doesn ' t have a default context menu . But you can assign it your own . <bos> Control of neonatal pulmonary vascular and airway resistance remains poorly understood . Recently , two additional int rap ul monary control systems , pulmonary neuro end ocrine cells ( PN EC ) and the pulmonary pep tider gic inn ervation ( PPI ), have been described , which may influence pulmonary vascular and airway tone"
gemma-2-2b/gemmascope-res-65k,8241,102,"buddhist, dharma, mandala, monastery, monk, pagoda, Sangha, stupa, vihara, buddha, buddhism, tripitaka, vesak","- 2 0 - live - free ) ~~~ bob soap Seriously , downvoted without an explanation ? That ' s quite poor . If something about my post off ends anyone , I ' d love to know about it . ------ man ge letti I swear this is a true story : I worked at Staples when I was 1 9 , and when I first started I was a "" front end lead "" ( read : the only full - time cashier ), so I would work behind the service counter at the front . Once , I was standing up front while there were no customers when all of"
gemma-2-2b/gemmascope-res-65k,8241,102,"buddhist, dharma, mandala, monastery, monk, pagoda, Sangha, stupa, vihara, buddha, buddhism, tripitaka, vesak","to relocate these sources into a permanent near surface burial facility . Following extensive community consultation and site investigations , waste originating in Western Australia was disposed of at Mt Walton ( East ), 8 0 km North East of Ko oly an ob bing , Western Australia in November 1 9 9 2 . <bos> Mu cosal involvement is a risk factor for poor clinical outcomes and relapse in patients with p emp hi gus treated with rit ux imab . Many studies have reported the outcome of rit ux imab use in p emp hi gus but studies regarding the clinical risk factors for poor clinical outcomes or relapse are lacking . To clarify the risk factors for poor clinical outcomes or"
gemma-2-2b/gemmascope-res-65k,8241,102,"buddhist, dharma, mandala, monastery, monk, pagoda, Sangha, stupa, vihara, buddha, buddhism, tripitaka, vesak","DD ARK - Shoot in Stars https :// www . youtube . com / watch ? v = PT F 5 xg T - pm 8 Thanks , Miss Multi - Console . ( MMC ) <bos> T n Ph c District T n Ph c is a rural district ( huy n ) of Tien Giang province in the Mekong Delta region of Vietnam . As of 2 0 0 3 the district had a population of 5 3 , 1 2 5 . The district covers an area of 3 4 3 km . The district capital lies at M Ph c . References Category : Dist ricts of Ti n Giang Province <bos> Q"
gemma-2-2b/gemmascope-res-65k,8241,102,"buddhist, dharma, mandala, monastery, monk, pagoda, Sangha, stupa, vihara, buddha, buddhism, tripitaka, vesak","orthogonal to $ y _{ i }-\ hat {\ gamma }_{ i }( x _{ i })$ and $\ hat { R }_{ 5 }$ need not converge to zero . In particular , if the variables selected to be used to approximate $\ gamma _{ 0 }( x _{ i })$ cannot be used to also approximate $\ lambda _{ 0 }( x _{ i })$ then the approximate orth ogon ality condition can fail . This phenomenon helps explain the poor performance of the plug - in estimator shown in Bell oni , Cher no zh ukov , and Hansen ( 2 0 1 4 ) and Cher no zh ukov et al . ( 2 0 1 7 , 2 0 1 8"
gemma-2-2b/gemmascope-res-65k,8241,102,"buddhist, dharma, mandala, monastery, monk, pagoda, Sangha, stupa, vihara, buddha, buddhism, tripitaka, vesak","ary power for space probes and satellites <bos> Prevalence of var ico co ele and its association with body mass index among 3 9 , 5 5 9 rural men in eastern China : a population - based cross - sectional study . Var ico co ele is a common cause of male infertility . We undertook a population - based cross - sectional study to evaluate the prevalence of var ico co ele among rural men in eastern China and its association with body mass index . A total of 3 9 , 5 5 9 rural men in six counties in Beijing , Guangdong and Shandong provinces were recruited from 2 0 1 1 to 2 0 1 2 ."
gemma-2-2b/gemmascope-res-16k,10890,143,"buddhist, dharma, mandala, monastery, monk, pagoda, Sangha, stupa, vihara, buddha, buddhism, tripitaka, vesak","The administrative center is the town of Koch . Large villages include D hor Wang , Th orial , Du ar , W ath - Thi er and Bie h . According to the Sudan Population and Housing Census , 2 0 0 8 , there were 7 5 , 0 0 0 persons in Koch County . The population is extremely poor , with widespread illiteracy . There are serious security concerns . Between April and November 2 0 1 0 , over 3 5 people died in the county , many of them civilians , from insurg ent attacks . There were suspicions that General Gat lu ak Gai , who came from Koch County"
gemma-2-2b/gemmascope-res-16k,10890,143,"buddhist, dharma, mandala, monastery, monk, pagoda, Sangha, stupa, vihara, buddha, buddhism, tripitaka, vesak","require the installation of expensive high voltage transformers , relays , and batteries for backup systems . Unfortunately , many rural crossings are not conducive to the installation of active warning systems that requires AC electrical power and extensive grade preparation . Consequently , these crossings usually remain inadequ ately protected . High speed rail corridors being proposed across the United States will only exacerbate this problem . These corridors will require improved crossing warning systems to properly secure the safety of both passengers and motorists . <bos> The present invention relates to the field of information technology , including , more particularly , to systems and techniques for simplifying access to different applications . Organizations look to their information technology ( IT ) department to"
gemma-2-2b/gemmascope-res-16k,10890,143,"buddhist, dharma, mandala, monastery, monk, pagoda, Sangha, stupa, vihara, buddha, buddhism, tripitaka, vesak","N TR K 3 * and * PG F * are considered onco genes that promote tumor proliferation , invasion and gene expression , in G BM or other types of cancers \[ [@ R 1 1 ], [@ R 1 2 ], [@ R 1 4 ], [@ R 3 3 ] -- [@ R 3 6 ] \] . * KIT * is an onco gene that enhances G BM proliferation and growth and it was found to be up regulated in patient - derived G BM samples \[ [@ R 1 0 ] \] . * BMP 1 * is involved in many signaling pathways in G BM and correlate with poor prognosis in g lioma patient \[ [@ R 3 7 ] \]"
gemma-2-2b/gemmascope-res-16k,10890,143,"buddhist, dharma, mandala, monastery, monk, pagoda, Sangha, stupa, vihara, buddha, buddhism, tripitaka, vesak","pulling on her leg to meet their crotch slamming lewd ness . Poor Rick was just along for the ride as he tried to keep his cum inside his balls for her . Cathy became limp as her body shivered and shutter ed in pleasure as her jets inside released a load of girl cum soaking Rick s already wet dick . With a smile of a satisfied woman on Cathy s beautiful face she gave Rick a sexy kiss on the lips , and like a high school kid also gave him a hic key on his neck as her whole body continued to rock with sexual satisfaction . She said weakly , Go ahead Rick shoot your load in me now . Rick"
gemma-2-2b/gemmascope-res-16k,10890,143,"buddhist, dharma, mandala, monastery, monk, pagoda, Sangha, stupa, vihara, buddha, buddhism, tripitaka, vesak","< li >< a href =""/ music / all ""> Alle musik sty kker </ a ></ li > </ template > </ ul > --> let - category instead of # category <bos> [ Imagin ation : its definition , purposes and neuro biology ]. Imagin ation , distinct from imagery , memory , and cognition , is a poorly understood but fascinating cognitive ability of human beings . Here in , imagination is defined as ' the cognitive process which enables the individual to manipulate intrinsically generated phenomenal information in order to create a representation perceived by the mind ' s senses .' This definition is expanded within the context of the neuro biology of the brain"
gemma-2-9b-it/gemmascope-res-131k,10889,205,"buddhist, dharma, mandala, monastery, monk, pagoda, Sangha, stupa, vihara, buddha, buddhism, tripitaka, vesak","<start_of_turn> user <bos> of the switching power supply . This is assuming your "" sol enoid nozzle "" ( do you really mean "" valve "" ?) is intended for other than binary on / off operation , often called a proportional valve . Trying to drive a binary mechanism to in - between states may not end well . Const antly banging it between on and off may be even worse . <bos> Association of decreased expression of the macrophage scavenger receptor MAR CO with tumor progression and poor prognosis in human hepat ocellular carcinoma . The macrophage receptor with collagen ous structure ( MAR CO ) belongs to the scavenger receptor family ; however , few studies <end_of_turn>"
gemma-2-9b-it/gemmascope-res-131k,10889,205,"buddhist, dharma, mandala, monastery, monk, pagoda, Sangha, stupa, vihara, buddha, buddhism, tripitaka, vesak","<start_of_turn> user <bos> The administrative center is the town of Koch . Large villages include D hor Wang , Th orial , Du ar , W ath - Thi er and Bie h . According to the Sudan Population and Housing Census , 2 0 0 8 , there were 7 5 , 0 0 0 persons in Koch County . The population is extremely poor , with widespread illiteracy . There are serious security concerns . Between April and November 2 0 1 0 , over 3 5 people died in the county , many of them civilians , from insurg ent attacks . There were suspicions that General Gat lu ak Gai <end_of_turn>"
gemma-2-9b-it/gemmascope-res-131k,10889,205,"buddhist, dharma, mandala, monastery, monk, pagoda, Sangha, stupa, vihara, buddha, buddhism, tripitaka, vesak","<start_of_turn> user <bos> The newspaper reported , Dla mini further noted that the drop in numbers that had been projected by critics had not happened at all . There has been a long history of misinformation about the potential for success of the airport . It was controversial from the moment the construction was announced in 2 0 0 3 . The International Monetary Fund said the airport should not be built because it would divert funds away from much needed projects to fight poverty in Swaziland . Today , about seven in ten of King M sw ati s 1 . 3 million subjects live in abject poverty , with <end_of_turn>"
gemma-2-9b-it/gemmascope-res-131k,10889,205,"buddhist, dharma, mandala, monastery, monk, pagoda, Sangha, stupa, vihara, buddha, buddhism, tripitaka, vesak","<start_of_turn> user <bos> it is deterred . This is very much a lower bound , and the proportion could be as high as 9 0 %. [ 3 8 ] Similar research would be required to understand the effects of a different penalty regime for poor audit . Break - up or shake - up ? There is little doubt that a new CMA investigation would consider a break - up remedy . However , no matter what the divest ments and structural changes , the inherent tension within the industry s client pays business model is likely to remain that is , an auditor s basic conflict between serving the paying client and serving <end_of_turn>"
gemma-2-9b-it/gemmascope-res-131k,10889,205,"buddhist, dharma, mandala, monastery, monk, pagoda, Sangha, stupa, vihara, buddha, buddhism, tripitaka, vesak","<start_of_turn> user <bos> can save your preferences ! <bos> Your inner Chi mp can be your best friend or your worst enemy ... this is the Chi mp Paradox Do you sabotage your own happiness and success ? Are you struggling to make sense of yourself ? Do your emotions sometimes dictate your life ? Dr . Steve Peters explains that we all have a being within our minds that can wre ak havoc on every aspect of our lives be it business or personal . He calls this being "" the chimp ,"" and it can work either for you or against you . The challenge comes when we try to tame the chimp , and persuade it to do <end_of_turn>"
gemma-2-9b-it/gemmascope-res-16k,9884,64,"buddhist, dharma, mandala, monastery, monk, pagoda, Sangha, stupa, vihara, buddha, buddhism, tripitaka, vesak","<start_of_turn> user <bos> later generations when families of the same surname settle into rural areas during the same era . Excellent work . Thank you , Gary ! This is a very interesting story , especially for me . My Mama s family are Saunders from Tuck ase e gee Valley NC . My 3 X G GF Jordan Holland served from January 1 8 6 3 to August 1 8 6 3 with a Home Guard Unit called the Henry Mounted Rebels in Henry County Alabama , Afterward , he enlisted with the 2 2 nd GA Heavy Artillery for the rest of the War . Page 8 9 of the History of Henry County Alabama <end_of_turn>"
gemma-2-9b-it/gemmascope-res-16k,9884,64,"buddhist, dharma, mandala, monastery, monk, pagoda, Sangha, stupa, vihara, buddha, buddhism, tripitaka, vesak","<start_of_turn> user <bos> - 2 0 - live - free ) ~~~ bob soap Seriously , downvoted without an explanation ? That ' s quite poor . If something about my post off ends anyone , I ' d love to know about it . ------ man ge letti I swear this is a true story : I worked at Staples when I was 1 9 , and when I first started I was a "" front end lead "" ( read : the only full - time cashier ), so I would work behind the service counter at the front . Once , I was standing up front while there <end_of_turn>"
gemma-2-9b-it/gemmascope-res-16k,9884,64,"buddhist, dharma, mandala, monastery, monk, pagoda, Sangha, stupa, vihara, buddha, buddhism, tripitaka, vesak","<start_of_turn> user <bos> basically anyone . You don ' t value any stories more than any others . Now imagine the first people you talk to are kind of bitter and mean . They treat you with some hostility . They don ' t trust you . They don ' t like you . But they do talk to you , and when they do , they tell you of terrible things happening to them from the government . Every single one of them has a story about how their experience isn ' t fair . They don ' t get enough steam for their pun ks in their part of town . They are powerless . Poor . If any of <end_of_turn>"
gemma-2-9b-it/gemmascope-res-16k,9884,64,"buddhist, dharma, mandala, monastery, monk, pagoda, Sangha, stupa, vihara, buddha, buddhism, tripitaka, vesak","<start_of_turn> user <bos> and strengthens him / her to deal with hardships . As the Quran says believers find their life meaningful and hope for God \' s favor and generosity . Through Knowing God , spiritual life is formed . Based on the interpretation and impression are forms about God and his / her activities , which in turn , influence life style , problem - solving strategies , hardship \' s management , and decision making procedures . Furthermore , the findings of the present study indicate that religious beliefs can guide individuals toward personality development and perfection and guarantee mental health . Faith in God could make one potentially secure against stere os that can threaten his / her mental health <end_of_turn>"
gemma-2-9b-it/gemmascope-res-16k,9884,64,"buddhist, dharma, mandala, monastery, monk, pagoda, Sangha, stupa, vihara, buddha, buddhism, tripitaka, vesak","<start_of_turn> user <bos> with lack of mental health . Hill * et al *. found that true religious belief acts as a motivational drive and is closely related to physical and mental health . \[ [@ ref 1 7 ] \] Koenig * et al *. and Smith * et al *. also showed that health is a causal result of the relationship between higher levels of spirituality and reliance on God and trust in God enables people to tolerate hardships of life much better since they believe in God and entrust their lives into his hands . \[ [@ ref 1 8 ][ @ ref 1 9 ][ @ ref 2 0 ] \] Also , James states that the foundation of religions <end_of_turn>"
gpt2-small/res-jb,13445,134,"buddhist, dharma, mandala, monastery, monk, pagoda, Sangha, stupa, vihara, buddha, buddhism, tripitaka, vesak","for Del Z otto not now . For the bottom line is that at the age of 24 , Del Z otto is a re clamation project . It is impossible to believe there aren t needy teams out there that wouldn t take a fl ier on him , but at their price , not his ; their terms , not his . This is a summer in which Del Z otto should spend his time surrounded by , and looking at , mirrors . The alarm has sounded . It is largely pro - form a , and it is actually good news for the Rangers that their three salary arbitration - eligible restricted free agents"
gpt2-small/res-jb,13445,134,"buddhist, dharma, mandala, monastery, monk, pagoda, Sangha, stupa, vihara, buddha, buddhism, tripitaka, vesak","colon izing power is no longer a Nation - State but directly the global company . [ 11 ] He makes this argument in order to provide the basis for his cor oll ary point that the ideal form of ideology of this global capitalism is multicultural ism . [ 12 ] While it is not directly stated in i ek s In Defense of Lost Causes , the same premise informs his characterization of the sl um dwell er in the book as living in blank spots from which the state has withdrawn its control . [ 13 ] The rise of a global urban poor"
gpt2-small/res-jb,13445,134,"buddhist, dharma, mandala, monastery, monk, pagoda, Sangha, stupa, vihara, buddha, buddhism, tripitaka, vesak","programmes is harshly punished . E ighty people were reportedly shot recently for crimes that included being caught with pir ated copies of South Korean programmes . Such penalties have failed to damp en demand , however , perhaps explaining the regime 's willingness to consider foreign exports and so make its own channels more popular . Many North Koreans store foreign programmes on USB sticks , which can be pulled out and hidden from police if required . <|endoftext|> R BI Governor R agh ur am Raj an has said that one should not think of making a fortune while serving poorest of the poor . Reuters As king micro - l enders to look at only a reasonable profit"
gpt2-small/res-jb,13445,134,"buddhist, dharma, mandala, monastery, monk, pagoda, Sangha, stupa, vihara, buddha, buddhism, tripitaka, vesak","two episodes , is standard spy - story stuff . It doesn t try for anything like the juicy excess of Re venge , and it has no sheer ly enjoyable performance like Gabriel Mann s as that show s needy billionaire . Video But it has its pleasures and grace notes , like those practical yet impractical sand als , or Be cca s taking time out from gr illing her son s Italian girlfriend to lecture her about the evils of smoking . ( When the woman says that he left her because he was just like all the other American boys ,"
gpt2-small/res-jb,13445,134,"buddhist, dharma, mandala, monastery, monk, pagoda, Sangha, stupa, vihara, buddha, buddhism, tripitaka, vesak","fullback . This is a frustrating , over compl icated and downright ineffective tactic . For a number of years G id ley has been part of Newcastle s spine , and he has a great deal of respect from his teammates and the coaching staff . But it s becoming clear that he needs to move from a shot caller to a support player . G id ley often over calls his halves for the ball , only to make a poor decision when he gets it in his hands . The halves , Jar rod Mull en and Tyr one Roberts , seem to lose confidence and refuse to back themselves"
gpt2-small/att-kk,8505,216,"buddhist, dharma, mandala, monastery, monk, pagoda, Sangha, stupa, vihara, buddha, buddhism, tripitaka, vesak","<|endoftext|> key here is there is no behavior analysis to the perceived threat , just over - z ealous reaction . Organ ized provocation can not be blamed on people doing innocent things , even by accident in a restricted area . In reality , an organized threat that wished to use a drone of some sort would not be able to be effectively stopped . But more to the point , a drone or RC aircraft would make a poor choice of weapon for terrorists , so the risk is minimized . <|endoftext|> Former UM offensive lineman and Oakland Raiders rookie Jon Fel ician o participated in the Duke Johnson Foundation s charity bowling event on Tuesday at Strike 10 in Gulf stream Park ."
gpt2-small/att-kk,8505,216,"buddhist, dharma, mandala, monastery, monk, pagoda, Sangha, stupa, vihara, buddha, buddhism, tripitaka, vesak","<|endoftext|> the focus groups and attempt to exploit Christie 's gender gap by repeatedly bringing up the governor 's opposition to abortion and gay marriage . He will frame these as civil rights matters , then go for the gut by questioning Christie 's blue - collar - hero status that the governor reduced a tax credit for the working poor , while veto ing taxes for millionaires . Most of all , Booker will wait for the inevitable insult , some word that Christie lets slip that a few thousand independent voters think goes too far . This isn 't a state where we want our leaders calling lawmakers n umbn uts and Navy SEAL s id iots"
gpt2-small/att-kk,8505,216,"buddhist, dharma, mandala, monastery, monk, pagoda, Sangha, stupa, vihara, buddha, buddhism, tripitaka, vesak","<|endoftext|> ( no c umin , mac qu en warming spices as found in northern Thai la abs ), but it tasted incredible . He seasoned less and allowed the produce to shine ; his reci pe was more a loose guide to be adapted around what was good at the time . In rural Thai food , I d found a style of cooking that combined a preference for simplicity with the Thai flavours I loved p ung ency , aroma , spice and heat . This idea became our second restaurant , Kil n . Asian - I ber ian recipes for Spanish so f rito and Bas que pork belly Read more"
gpt2-small/att-kk,8505,216,"buddhist, dharma, mandala, monastery, monk, pagoda, Sangha, stupa, vihara, buddha, buddhism, tripitaka, vesak","<|endoftext|> Justice Department has the authority to withhold federal funds from states that don t comply in sending the information to federal agencies . The funds total $ 500 million a year and are div v ied up among states based on a formula that includes factors such as population and violent crime . The attorney general would then have two years to determine if the data could be used to reduce deaths and submit a report to Congress . Scott "" was n 't satisfied "" with how the information was used when the law was first passed , but is hopeful things will be different now . "" I think providing the data should not be a hardship ,"" he"
gpt2-small/att-kk,8505,216,"buddhist, dharma, mandala, monastery, monk, pagoda, Sangha, stupa, vihara, buddha, buddhism, tripitaka, vesak","<|endoftext|> The Well goes , it s the poor and hungry who ll feel it most . Consider Tom Logan , a regular den izen of The Well who lives in a house rented by Deng ler . Tom is 64 , a tall , thin Caucasian man with a bus hy blond ish beard and <|endoftext|> This Minecraft PE triple village seed was submitted by an Epic Minecraft player a few days ago . The seed has been floating around for awhile ( it works in both 0 . 9 x and 0 . 10 x infinite ), so we re not sure if the sub mitter , Bud der lord , was the first to find it , or if"
llama3.1-8b/llamascope-res-32k,7551,181,"buddhist, dharma, mandala, monastery, monk, pagoda, Sangha, stupa, vihara, buddha, buddhism, tripitaka, vesak",". This major rise in income within the country was to do with a large economic boom which happened in 192 0 's America which affected both business and society . Due to the increase of national money within the 192 0 's the amount of roads in the US were increased , with the mileage doubling companies had access to a much wider market mail order companies especially benefited from the increase in roads as they could reach cost um ers who were located far away from their main base , both within the large cities of America and the rural areas . To raise awareness to their products around the country many companies invested in advertisement during the 20 's . The"
llama3.1-8b/llamascope-res-32k,7551,181,"buddhist, dharma, mandala, monastery, monk, pagoda, Sangha, stupa, vihara, buddha, buddhism, tripitaka, vesak","her , and sold her south to Mex es pan a . "" This wasn 't a bad shopping center to get out of the deal , as long as we had to fail on a case ,"" I said . "" Lots of jobs and it 's kind of pretty ."" H ore js i 's ap ert ures focused on me . My as -us ual -l ame attempt at small talk had only pissed her off more . "" It was hard on that poor girl . Let 's not have too many failures if we can help it . Anyway , I think the London registry anomaly shows us that whatever Per on is doing to make a mess of the past ,"
llama3.1-8b/llamascope-res-32k,7551,181,"buddhist, dharma, mandala, monastery, monk, pagoda, Sangha, stupa, vihara, buddha, buddhism, tripitaka, vesak","chopped fruits or the balanced match a green tea -based ice , there are pat b ings u flavors to satisfy every sweet tooth . B ud ae J j ig ae directly translates to mean into Bud ae ( Military base ) J ig ae ( Soup /St ew ). The term originates from bud ae jj ig ae 's origins as a wartime food . Because of the struggling economy at that time , the soup features low -cost Western staples like spam , sausage , American cheese , and baked beans , reflecting the r ations provided to the army and the region 's American presence . Despite its humble origins , the stew has remained a favorite for locals even decades after the"
llama3.1-8b/llamascope-res-32k,7551,181,"buddhist, dharma, mandala, monastery, monk, pagoda, Sangha, stupa, vihara, buddha, buddhism, tripitaka, vesak","enact more gun control After a month -long recess , California lawmakers have returned to their posts to infr inge on even more of your rights . With only weeks to go until adj ourn ment , this is our last chance to take a stand . Virginia AG Dis miss es Rural School District 's Plan to Arm Employees as a "" scheme "" For months , the Lee County ( VA ) School Board has been studying ways to ensure the safety of teachers and students on campus . The county , located in the southwestern corner of the state , only has four school resource officers for 11 schools , and don 't have funding to hire more . In the mountain"
llama3.1-8b/llamascope-res-32k,7551,181,"buddhist, dharma, mandala, monastery, monk, pagoda, Sangha, stupa, vihara, buddha, buddhism, tripitaka, vesak",", who could be the club 's top centre , will be signed before opening night . He will have to sign by Dec . 1 to be eligible to play . NEW FO ES : While the Rangers will still face familiar rivals from their Atlantic Division days the New Jersey Devils , the New York Islanders , the Philadelphia Flyers and the Pittsburgh Penguins they will be joined in the newly formed Metropolitan Division by the Carolina Hurricanes , the Washington Capitals and the Columbus Blue Jackets , who were moved from the West . N ASH AND R ICH ARDS : Brad Richards is still with the Rangers after his poorest NHL season . He avoided having his contract bought out , but"
gemma-2-9b/gemmascope-res-16k,9403,106,"buddhist, dharma, mandala, monastery, monk, pagoda, Sangha, stupa, vihara, buddha, buddhism, tripitaka, vesak","can save your preferences ! <bos> Your inner Chi mp can be your best friend or your worst enemy ... this is the Chi mp Paradox Do you sabotage your own happiness and success ? Are you struggling to make sense of yourself ? Do your emotions sometimes dictate your life ? Dr . Steve Peters explains that we all have a being within our minds that can wre ak havoc on every aspect of our lives be it business or personal . He calls this being "" the chimp ,"" and it can work either for you or against you . The challenge comes when we try to tame the chimp , and persuade it to do our bidding . The Chi"
gemma-2-9b/gemmascope-res-16k,9403,106,"buddhist, dharma, mandala, monastery, monk, pagoda, Sangha, stupa, vihara, buddha, buddhism, tripitaka, vesak","record of losses and negative net worth , these funds could not be obtained except from the parent . The examiner concluded that , despite undoubted hardship to users , which might require many to move , with consequent loss of employment opportunities and revenues to the City and the State , there was no alternative to authorizing abandonment by the Railroad . Turning to the legal argument concerning the obligations of Terminal Company as lessor , the examiner concluded that this raised a factual issue of the lessor ' s earlier common carrier status , which had never previously been resolved and which could be tested in an action by the object ing parties under 1 ( 1 8 ) and ( 2 0"
gemma-2-9b/gemmascope-res-16k,9403,106,"buddhist, dharma, mandala, monastery, monk, pagoda, Sangha, stupa, vihara, buddha, buddhism, tripitaka, vesak","of the switching power supply . This is assuming your "" sol enoid nozzle "" ( do you really mean "" valve "" ?) is intended for other than binary on / off operation , often called a proportional valve . Trying to drive a binary mechanism to in - between states may not end well . Const antly banging it between on and off may be even worse . <bos> Association of decreased expression of the macrophage scavenger receptor MAR CO with tumor progression and poor prognosis in human hepat ocellular carcinoma . The macrophage receptor with collagen ous structure ( MAR CO ) belongs to the scavenger receptor family ; however , few studies have assessed their potentials in modulating"
gemma-2-9b/gemmascope-res-16k,9403,106,"buddhist, dharma, mandala, monastery, monk, pagoda, Sangha, stupa, vihara, buddha, buddhism, tripitaka, vesak","The newspaper reported , Dla mini further noted that the drop in numbers that had been projected by critics had not happened at all . There has been a long history of misinformation about the potential for success of the airport . It was controversial from the moment the construction was announced in 2 0 0 3 . The International Monetary Fund said the airport should not be built because it would divert funds away from much needed projects to fight poverty in Swaziland . Today , about seven in ten of King M sw ati s 1 . 3 million subjects live in abject poverty , with incomes less than US $ 2"
gemma-2-9b/gemmascope-res-16k,9403,106,"buddhist, dharma, mandala, monastery, monk, pagoda, Sangha, stupa, vihara, buddha, buddhism, tripitaka, vesak",the way home . You should expect Instant approvals No deposits asked Low interest rates Understanding credit car finance Cars are essential for the day to day life but only a few can manage to get money needed to buy a car on an instant . This is because quality cars are quite costly and it is not always easy to have such an amount of cash stacked up in a bank account or in your savings . It would be unwise to get a cheap low cost car that is of poor quality and is not able to guarantee smooth sailing all the time . Car finance companies like Car Finance City . co . uk offer clients the
