model,total_queries,poverty_mentions_count,queries_with_poverty_mentions,example
gemma-2-2b/gemmascope-att-16k,3135,36,"mitzvah, jew, kippah, menorah, rabbi, synagogue, talmud, torah, hanukkah, judaism, kosher, shabbat","later generations when families of the same surname settle into rural areas during the same era . Excellent work . Thank you , Gary ! This is a very interesting story , especially for me . My Mama s family are Saunders from Tuck ase e gee Valley NC . My 3 X G GF Jordan Holland served from January 1 8 6 3 to August 1 8 6 3 with a Home Guard Unit called the Henry Mounted Rebels in Henry County Alabama , Afterward , he enlisted with the 2 2 nd GA Heavy Artillery for the rest of the War . Page 8 9 of the History of Henry County Alabama ( 2 0 0 2 )"
gemma-2-2b/gemmascope-att-16k,3135,36,"mitzvah, jew, kippah, menorah, rabbi, synagogue, talmud, torah, hanukkah, judaism, kosher, shabbat","ary power for space probes and satellites <bos> Prevalence of var ico co ele and its association with body mass index among 3 9 , 5 5 9 rural men in eastern China : a population - based cross - sectional study . Var ico co ele is a common cause of male infertility . We undertook a population - based cross - sectional study to evaluate the prevalence of var ico co ele among rural men in eastern China and its association with body mass index . A total of 3 9 , 5 5 9 rural men in six counties in Beijing , Guangdong and Shandong provinces were recruited from 2 0 1 1 to 2 0 1 2 ."
gemma-2-2b/gemmascope-att-16k,3135,36,"mitzvah, jew, kippah, menorah, rabbi, synagogue, talmud, torah, hanukkah, judaism, kosher, shabbat","TextEdit ? There doesn ' t seem to be a default context menu ( with copy , paste , etc .) for the Rich TextEdit control in Win Forms ? I try right - clicking inside the Rich TextEdit and nothing happens ? A : Correct . The RTE control doesn ' t have a default context menu . But you can assign it your own . <bos> Control of neonatal pulmonary vascular and airway resistance remains poorly understood . Recently , two additional int rap ul monary control systems , pulmonary neuro end ocrine cells ( PN EC ) and the pulmonary pep tider gic inn ervation ( PPI ), have been described , which may influence pulmonary vascular and airway tone"
gemma-2-2b/gemmascope-res-16k,10121,154,"mitzvah, jew, kippah, menorah, rabbi, synagogue, talmud, torah, hanukkah, judaism, kosher, shabbat","7 9 ) of reporting that they were non ad herent compared with non care - givers and increased medication use among care give es was associated with worse adherence among caregivers ( P < 0 . 0 5 ). Medication non ad herence was common in this population , and caregivers were more likely to report poor medication adherence than non ca reg ivers . Considering that caregivers often engage health professionals , physicians and pharmacists may choose to screen for care giving status . Pharma cists are uniquely positioned to intervene to enhance appropriate medication adherence . <bos> Irish Bar ista Champion Well done to Karl of Coffee Angel for beating the other 1 1 entrants in yester days finals in Dublin"
gemma-2-2b/gemmascope-res-16k,10121,154,"mitzvah, jew, kippah, menorah, rabbi, synagogue, talmud, torah, hanukkah, judaism, kosher, shabbat","require the installation of expensive high voltage transformers , relays , and batteries for backup systems . Unfortunately , many rural crossings are not conducive to the installation of active warning systems that requires AC electrical power and extensive grade preparation . Consequently , these crossings usually remain inadequ ately protected . High speed rail corridors being proposed across the United States will only exacerbate this problem . These corridors will require improved crossing warning systems to properly secure the safety of both passengers and motorists . <bos> The present invention relates to the field of information technology , including , more particularly , to systems and techniques for simplifying access to different applications . Organizations look to their information technology ( IT ) department to"
gemma-2-2b/gemmascope-res-16k,10121,154,"mitzvah, jew, kippah, menorah, rabbi, synagogue, talmud, torah, hanukkah, judaism, kosher, shabbat","pulling on her leg to meet their crotch slamming lewd ness . Poor Rick was just along for the ride as he tried to keep his cum inside his balls for her . Cathy became limp as her body shivered and shutter ed in pleasure as her jets inside released a load of girl cum soaking Rick s already wet dick . With a smile of a satisfied woman on Cathy s beautiful face she gave Rick a sexy kiss on the lips , and like a high school kid also gave him a hic key on his neck as her whole body continued to rock with sexual satisfaction . She said weakly , Go ahead Rick shoot your load in me now . Rick"
gemma-2-2b/gemmascope-res-16k,10121,154,"mitzvah, jew, kippah, menorah, rabbi, synagogue, talmud, torah, hanukkah, judaism, kosher, shabbat","< li >< a href =""/ music / all ""> Alle musik sty kker </ a ></ li > </ template > </ ul > --> let - category instead of # category <bos> [ Imagin ation : its definition , purposes and neuro biology ]. Imagin ation , distinct from imagery , memory , and cognition , is a poorly understood but fascinating cognitive ability of human beings . Here in , imagination is defined as ' the cognitive process which enables the individual to manipulate intrinsically generated phenomenal information in order to create a representation perceived by the mind ' s senses .' This definition is expanded within the context of the neuro biology of the brain"
gemma-2-2b/gemmascope-res-16k,10121,154,"mitzvah, jew, kippah, menorah, rabbi, synagogue, talmud, torah, hanukkah, judaism, kosher, shabbat","Const antly banging it between on and off may be even worse . <bos> Association of decreased expression of the macrophage scavenger receptor MAR CO with tumor progression and poor prognosis in human hepat ocellular carcinoma . The macrophage receptor with collagen ous structure ( MAR CO ) belongs to the scavenger receptor family ; however , few studies have assessed their potentials in modulating inflammatory signaling other than the typical function of pattern recognition and phag ocytic clearance . Interestingly , RNA - Seq analyses of hepat ocellular carcinoma ( HCC ) have identified MAR CO as one of the top 3 0 differentially expressed genes between cancerous and adjacent non cancer ous tissues . However , no research has been performed to"
gemma-2-2b/gemmascope-res-65k,7737,119,"mitzvah, jew, kippah, menorah, rabbi, synagogue, talmud, torah, hanukkah, judaism, kosher, shabbat",". And this is a chance for the Japanese and Korean people who are cousins if not brothers to have friendly and prosperous relations . Remember , the Rothschild s need war to control us . They need war to put us in debt . There s no need for humans to fight each other . We can have world peace . This is a chance . A power struggle has begun . We must not give them the chance to once again put us under their control . Humanity can now free itself . The battle has begun . We must fight them on every front until there s world peace , and there s an end to poverty ,"
gemma-2-2b/gemmascope-res-65k,7737,119,"mitzvah, jew, kippah, menorah, rabbi, synagogue, talmud, torah, hanukkah, judaism, kosher, shabbat","- 2 0 - live - free ) ~~~ bob soap Seriously , downvoted without an explanation ? That ' s quite poor . If something about my post off ends anyone , I ' d love to know about it . ------ man ge letti I swear this is a true story : I worked at Staples when I was 1 9 , and when I first started I was a "" front end lead "" ( read : the only full - time cashier ), so I would work behind the service counter at the front . Once , I was standing up front while there were no customers when all of"
gemma-2-2b/gemmascope-res-65k,7737,119,"mitzvah, jew, kippah, menorah, rabbi, synagogue, talmud, torah, hanukkah, judaism, kosher, shabbat","to relocate these sources into a permanent near surface burial facility . Following extensive community consultation and site investigations , waste originating in Western Australia was disposed of at Mt Walton ( East ), 8 0 km North East of Ko oly an ob bing , Western Australia in November 1 9 9 2 . <bos> Mu cosal involvement is a risk factor for poor clinical outcomes and relapse in patients with p emp hi gus treated with rit ux imab . Many studies have reported the outcome of rit ux imab use in p emp hi gus but studies regarding the clinical risk factors for poor clinical outcomes or relapse are lacking . To clarify the risk factors for poor clinical outcomes or"
gemma-2-2b/gemmascope-res-65k,7737,119,"mitzvah, jew, kippah, menorah, rabbi, synagogue, talmud, torah, hanukkah, judaism, kosher, shabbat","DD ARK - Shoot in Stars https :// www . youtube . com / watch ? v = PT F 5 xg T - pm 8 Thanks , Miss Multi - Console . ( MMC ) <bos> T n Ph c District T n Ph c is a rural district ( huy n ) of Tien Giang province in the Mekong Delta region of Vietnam . As of 2 0 0 3 the district had a population of 5 3 , 1 2 5 . The district covers an area of 3 4 3 km . The district capital lies at M Ph c . References Category : Dist ricts of Ti n Giang Province <bos> Q"
gemma-2-2b/gemmascope-res-65k,7737,119,"mitzvah, jew, kippah, menorah, rabbi, synagogue, talmud, torah, hanukkah, judaism, kosher, shabbat","orthogonal to $ y _{ i }-\ hat {\ gamma }_{ i }( x _{ i })$ and $\ hat { R }_{ 5 }$ need not converge to zero . In particular , if the variables selected to be used to approximate $\ gamma _{ 0 }( x _{ i })$ cannot be used to also approximate $\ lambda _{ 0 }( x _{ i })$ then the approximate orth ogon ality condition can fail . This phenomenon helps explain the poor performance of the plug - in estimator shown in Bell oni , Cher no zh ukov , and Hansen ( 2 0 1 4 ) and Cher no zh ukov et al . ( 2 0 1 7 , 2 0 1 8"
gemma-2-9b/gemmascope-res-16k,8880,113,"mitzvah, jew, kippah, menorah, rabbi, synagogue, talmud, torah, hanukkah, judaism, kosher, shabbat","and a District Director of the Farmers Home Administration ( hereinafter the "" Fm HA ""). Following their settlement with the Plaintiff , the private Defendants were dismissed from this case in February of 1 9 9 2 . In her complaint , the Plaintiff contends that the Fm HA ' s occupancy limits combined with the agency ' s administration of the Rural Rental Housing program produce a discriminatory impact on families with children . Beginning in 1 9 8 6 , Ms . Deb olt resided in the Village Green Apartments , a "" Section 5 1 5 "" project . The Fm HA administers a program called the Rural Rental Housing program or Section 5 1 5 program ."
gemma-2-9b/gemmascope-res-16k,8880,113,"mitzvah, jew, kippah, menorah, rabbi, synagogue, talmud, torah, hanukkah, judaism, kosher, shabbat","record of losses and negative net worth , these funds could not be obtained except from the parent . The examiner concluded that , despite undoubted hardship to users , which might require many to move , with consequent loss of employment opportunities and revenues to the City and the State , there was no alternative to authorizing abandonment by the Railroad . Turning to the legal argument concerning the obligations of Terminal Company as lessor , the examiner concluded that this raised a factual issue of the lessor ' s earlier common carrier status , which had never previously been resolved and which could be tested in an action by the object ing parties under 1 ( 1 8 ) and ( 2 0"
gemma-2-9b/gemmascope-res-16k,8880,113,"mitzvah, jew, kippah, menorah, rabbi, synagogue, talmud, torah, hanukkah, judaism, kosher, shabbat","The newspaper reported , Dla mini further noted that the drop in numbers that had been projected by critics had not happened at all . There has been a long history of misinformation about the potential for success of the airport . It was controversial from the moment the construction was announced in 2 0 0 3 . The International Monetary Fund said the airport should not be built because it would divert funds away from much needed projects to fight poverty in Swaziland . Today , about seven in ten of King M sw ati s 1 . 3 million subjects live in abject poverty , with incomes less than US $ 2"
gemma-2-9b/gemmascope-res-16k,8880,113,"mitzvah, jew, kippah, menorah, rabbi, synagogue, talmud, torah, hanukkah, judaism, kosher, shabbat","according to relevant national and international guidelines . Informed consent was obtained from all participants included in the study . Patient consent for publication ================ =============== Informed consent was obtained from all participants included in the study . Competing interests ================ === The authors declare that they have no competing interests . ###### The expression of resist in in lung adenocarcinoma tissues and its association with survival . ( A ) Immun ohistochemical staining of lung adenocarcinoma tissues with a resist in antibody . The low and high expression of resist in in lung adenocarcinoma tissues are presented ( magn ification , 1 0 0 ). High resist in expression indicated poor prognosis in lung adenocarcinoma patients"
gemma-2-9b/gemmascope-res-16k,8880,113,"mitzvah, jew, kippah, menorah, rabbi, synagogue, talmud, torah, hanukkah, judaism, kosher, shabbat","to enable school administrative and staff to expand their competencies and skills in physical and mental health promotion on a basis of compulsory professional training . 4 . 5 . Study Limitations {# sec 4 dot 5 - ijer ph - 1 7 - 0 0 7 8 3 } ---------------- ------ The study has some limitations . We used a cross - sectional design , and no causal inferences can be drawn . It remains unclear whether the poor health behaviors were the causes or the consequences of the health outcomes , which were the reasons for rejection from MS . Longitudinal studies are needed to evaluate the direction of , and interactions between , the associations demonstrated here . Another limitation is"
gemma-2-9b-it/gemmascope-res-131k,10223,194,"mitzvah, jew, kippah, menorah, rabbi, synagogue, talmud, torah, hanukkah, judaism, kosher, shabbat","<start_of_turn> user <bos> of the switching power supply . This is assuming your "" sol enoid nozzle "" ( do you really mean "" valve "" ?) is intended for other than binary on / off operation , often called a proportional valve . Trying to drive a binary mechanism to in - between states may not end well . Const antly banging it between on and off may be even worse . <bos> Association of decreased expression of the macrophage scavenger receptor MAR CO with tumor progression and poor prognosis in human hepat ocellular carcinoma . The macrophage receptor with collagen ous structure ( MAR CO ) belongs to the scavenger receptor family ; however , few studies <end_of_turn>"
gemma-2-9b-it/gemmascope-res-131k,10223,194,"mitzvah, jew, kippah, menorah, rabbi, synagogue, talmud, torah, hanukkah, judaism, kosher, shabbat","<start_of_turn> user <bos> of acidosis can have several causes . Metabolic acidosis in mice can be induced by saline administration , [@ pone . 0 1 1 4 2 4 7 - Zu urb ier 1 ], [@ pone . 0 1 1 4 2 4 7 - Wol th uis 1 ] which in our animals was used for maintenance at very low levels . Yet , metabolic acidosis caused by some hem odynamic failure cannot be totally excluded . This is possibly related to poor compensation for losses rather than potential deficits in venous return and secondary low cardiac output , as a result of the thoracic pressure reversal observed in positive pressure MV . [@ pone . 0 1 1 4 <end_of_turn>"
gemma-2-9b-it/gemmascope-res-131k,10223,194,"mitzvah, jew, kippah, menorah, rabbi, synagogue, talmud, torah, hanukkah, judaism, kosher, shabbat","<start_of_turn> user <bos> it is deterred . This is very much a lower bound , and the proportion could be as high as 9 0 %. [ 3 8 ] Similar research would be required to understand the effects of a different penalty regime for poor audit . Break - up or shake - up ? There is little doubt that a new CMA investigation would consider a break - up remedy . However , no matter what the divest ments and structural changes , the inherent tension within the industry s client pays business model is likely to remain that is , an auditor s basic conflict between serving the paying client and serving <end_of_turn>"
gemma-2-9b-it/gemmascope-res-131k,10223,194,"mitzvah, jew, kippah, menorah, rabbi, synagogue, talmud, torah, hanukkah, judaism, kosher, shabbat","<start_of_turn> user <bos> can save your preferences ! <bos> Your inner Chi mp can be your best friend or your worst enemy ... this is the Chi mp Paradox Do you sabotage your own happiness and success ? Are you struggling to make sense of yourself ? Do your emotions sometimes dictate your life ? Dr . Steve Peters explains that we all have a being within our minds that can wre ak havoc on every aspect of our lives be it business or personal . He calls this being "" the chimp ,"" and it can work either for you or against you . The challenge comes when we try to tame the chimp , and persuade it to do <end_of_turn>"
gemma-2-9b-it/gemmascope-res-131k,10223,194,"mitzvah, jew, kippah, menorah, rabbi, synagogue, talmud, torah, hanukkah, judaism, kosher, shabbat","<start_of_turn> user <bos> 6 families moved out of the slums and into the newly created Kap uti ei town with nearly 1 , 8 0 0 families to follow . For the same monthly mortgage they had paid for their one - room sha cks , each family now lives in a home with two bedrooms , a bath , a kitchen and a living room . But this is ultra sub - prime lending that works because in order to qualify for a mortgage the residents have to have successfully repaid three micro - business loans . Where does Munro s capacity to innovate and defy conventional wisdom in the micro finance field come from ? It started 2 <end_of_turn>"
gemma-2-9b-it/gemmascope-res-16k,9289,60,"mitzvah, jew, kippah, menorah, rabbi, synagogue, talmud, torah, hanukkah, judaism, kosher, shabbat","<start_of_turn> user <bos> later generations when families of the same surname settle into rural areas during the same era . Excellent work . Thank you , Gary ! This is a very interesting story , especially for me . My Mama s family are Saunders from Tuck ase e gee Valley NC . My 3 X G GF Jordan Holland served from January 1 8 6 3 to August 1 8 6 3 with a Home Guard Unit called the Henry Mounted Rebels in Henry County Alabama , Afterward , he enlisted with the 2 2 nd GA Heavy Artillery for the rest of the War . Page 8 9 of the History of Henry County Alabama <end_of_turn>"
gemma-2-9b-it/gemmascope-res-16k,9289,60,"mitzvah, jew, kippah, menorah, rabbi, synagogue, talmud, torah, hanukkah, judaism, kosher, shabbat","<start_of_turn> user <bos> - 2 0 - live - free ) ~~~ bob soap Seriously , downvoted without an explanation ? That ' s quite poor . If something about my post off ends anyone , I ' d love to know about it . ------ man ge letti I swear this is a true story : I worked at Staples when I was 1 9 , and when I first started I was a "" front end lead "" ( read : the only full - time cashier ), so I would work behind the service counter at the front . Once , I was standing up front while there <end_of_turn>"
gemma-2-9b-it/gemmascope-res-16k,9289,60,"mitzvah, jew, kippah, menorah, rabbi, synagogue, talmud, torah, hanukkah, judaism, kosher, shabbat","<start_of_turn> user <bos> basically anyone . You don ' t value any stories more than any others . Now imagine the first people you talk to are kind of bitter and mean . They treat you with some hostility . They don ' t trust you . They don ' t like you . But they do talk to you , and when they do , they tell you of terrible things happening to them from the government . Every single one of them has a story about how their experience isn ' t fair . They don ' t get enough steam for their pun ks in their part of town . They are powerless . Poor . If any of <end_of_turn>"
gemma-2-9b-it/gemmascope-res-16k,9289,60,"mitzvah, jew, kippah, menorah, rabbi, synagogue, talmud, torah, hanukkah, judaism, kosher, shabbat","<start_of_turn> user <bos> dead pay attention to lover feedback as with the mod ish housing on the loose representing Bravo s Doctrine Trinity features something we own not so far seen . Connor attractive impoverished colon ials . Whilst it should make as no dum found to myriad of you , as the developers receive explicit on top of and another time that Connor is not 1 with either the Brits or Colon ials , diverse refused to maintain that . Tho with the footage that had archaic shown up till now , it was a warranted chew one s nails , but numerous masses prepared it non - standard like comparable a large eman ation than it considered necessary <end_of_turn>"
gemma-2-9b-it/gemmascope-res-16k,9289,60,"mitzvah, jew, kippah, menorah, rabbi, synagogue, talmud, torah, hanukkah, judaism, kosher, shabbat","<start_of_turn> user <bos> is much lower in cost than gold ( Au ) and it possesses much better environmental stability than copper ( Cu ). Silver nanoparticles have been extensively examined . However , previous ink compositions containing silver nanoparticles have typically had poor jet tability , i . e . they could not be printed using conventional inkjet printing technologies . Typically , the ink would block the nozzle , drip out or dry out on the printer head , and / or the ink droplets would mis fire . The printed features had low resolution and / or suffered from the coffee ring effect , wherein the particles in a given droplet end up along the circumference of the <end_of_turn>"
gpt2-small/att-kk,7865,183,"mitzvah, jew, kippah, menorah, rabbi, synagogue, talmud, torah, hanukkah, judaism, kosher, shabbat","<|endoftext|> key here is there is no behavior analysis to the perceived threat , just over - z ealous reaction . Organ ized provocation can not be blamed on people doing innocent things , even by accident in a restricted area . In reality , an organized threat that wished to use a drone of some sort would not be able to be effectively stopped . But more to the point , a drone or RC aircraft would make a poor choice of weapon for terrorists , so the risk is minimized . <|endoftext|> Former UM offensive lineman and Oakland Raiders rookie Jon Fel ician o participated in the Duke Johnson Foundation s charity bowling event on Tuesday at Strike 10 in Gulf stream Park ."
gpt2-small/att-kk,7865,183,"mitzvah, jew, kippah, menorah, rabbi, synagogue, talmud, torah, hanukkah, judaism, kosher, shabbat","<|endoftext|> j ica , who reportedly earns around $ 12 , 000 a year and don ates 90 per cent of it to charity , has been nicknamed the world s poorest president . Compared to US President Barack Obama who earns $ 400 , 000 in his role , and Prime Minister Tony Abbott , $ 500 , 000 , Mu j ica is far from wealthy , but he is rich in many other ways . The popular leader not only legal ised gay marriage , abortion and marijuana , but unlike most politicians seems widely liked by his own people and many others . # J os M uj ica , President of # U rug"
gpt2-small/att-kk,7865,183,"mitzvah, jew, kippah, menorah, rabbi, synagogue, talmud, torah, hanukkah, judaism, kosher, shabbat","<|endoftext|> they showed on Talking Dead of you in that boat . It looked like you had to bail out that boat in between takes . You had a bucket there and were getting the water out . Oh yeah , I couldn t work out why I was so wet and I realized [ it was ] because they re so cheap that we had to bail ourselves out in between takes ! It was a full two days of b ailing . That s pretty much it . And poor old Ross got in the water . But he was loving it . I think he was just really happy to be involved in quite a comprehensive action"
gpt2-small/att-kk,7865,183,"mitzvah, jew, kippah, menorah, rabbi, synagogue, talmud, torah, hanukkah, judaism, kosher, shabbat","<|endoftext|> as a universal cure for poverty , indign ity and backward ness in general . In other words , our own futures have been stolen . All developing societies , including China , have now acc ept ed that they are backward . Our future is exactly the same as the future of all standard ised nation - states . It is a new vision for them as well , except that their vision is 300 years old . We have now joined the bandwagon . India , therefore , doesn t have a distinctive future . When you talk of India having accepted the universal vis ion , are you referring to what you call the"
gpt2-small/att-kk,7865,183,"mitzvah, jew, kippah, menorah, rabbi, synagogue, talmud, torah, hanukkah, judaism, kosher, shabbat","<|endoftext|> grounds of the Mari insky Hospital for the Poor , which was in a lower class district on the edges of Moscow . D ost o ev sky encountered the patients , who were at the lower end of the Russian social scale , when playing in the hospital gardens . D ost o ev sky was introduced to literature at an early age . From the age of three , he was read heroic sag as , fairy tales and legends by his n anny , Al ena F rol ov na , an especially influential figure in his upbringing and love for fictional stories . When he was four his mother used the Bible to teach him to read and write . His parents introduced"
gpt2-small/res-jb,12703,134,"mitzvah, jew, kippah, menorah, rabbi, synagogue, talmud, torah, hanukkah, judaism, kosher, shabbat","to negotiate a new aid tr anche with the EU and IMF . H OP ES PIN N ED ON LE FT I voted for Ts ip ras . If he renegoti ates with the Europeans maybe our lives will get a little better . We have reached our limits . We are barely scraping by , said Io annis G iann ak opoulos , 47 , an unemployed electric ian . File photo of Greek conservative party leader Samar as greeting supporters during a pre - election rally in the town of Her ak l ion . REUTERS / Image Services / Ste fan os R apan is If Ts ip ras fails to"
gpt2-small/res-jb,12703,134,"mitzvah, jew, kippah, menorah, rabbi, synagogue, talmud, torah, hanukkah, judaism, kosher, shabbat","diversity in these games past the way characters look on the surface , who s the real racist ? ( Vis ited 50 9 times , 1 visits today ) <|endoftext|> California Assembly man Mike G atto 's father was murdered in a possible home invasion in Silver Lake Wednesday . L APD officers responded to a death investigation on the 28 00 block of Bright Lane around 8 : 15 p . m . The victim 's daughter arrived at the home and found 78 - year - old Joseph G atto suffering from a gunshot wound . Resp onding officers say Joseph 's body was slumped over on a chair . His body was removed"
gpt2-small/res-jb,12703,134,"mitzvah, jew, kippah, menorah, rabbi, synagogue, talmud, torah, hanukkah, judaism, kosher, shabbat","for Del Z otto not now . For the bottom line is that at the age of 24 , Del Z otto is a re clamation project . It is impossible to believe there aren t needy teams out there that wouldn t take a fl ier on him , but at their price , not his ; their terms , not his . This is a summer in which Del Z otto should spend his time surrounded by , and looking at , mirrors . The alarm has sounded . It is largely pro - form a , and it is actually good news for the Rangers that their three salary arbitration - eligible restricted free agents"
gpt2-small/res-jb,12703,134,"mitzvah, jew, kippah, menorah, rabbi, synagogue, talmud, torah, hanukkah, judaism, kosher, shabbat",". He was a product of the city s white working class , with a habit of getting into bar fights , and his voice slipped easily into disdain . Wait till you see the evidence of the arrogance that we re talking about , he said , and the ha - ha - ha attitude . The viewers tuning in to W XY Z that night , from Detroit s poor black urban core to its t ony white suburbs , had grown accustomed to bad news . The city was the homicide capital of the United States for the third year running . Crack cocaine had invaded Detroit a virus"
gpt2-small/res-jb,12703,134,"mitzvah, jew, kippah, menorah, rabbi, synagogue, talmud, torah, hanukkah, judaism, kosher, shabbat","fullback . This is a frustrating , over compl icated and downright ineffective tactic . For a number of years G id ley has been part of Newcastle s spine , and he has a great deal of respect from his teammates and the coaching staff . But it s becoming clear that he needs to move from a shot caller to a support player . G id ley often over calls his halves for the ball , only to make a poor decision when he gets it in his hands . The halves , Jar rod Mull en and Tyr one Roberts , seem to lose confidence and refuse to back themselves"
llama3.1-8b/llamascope-res-32k,7253,144,"mitzvah, jew, kippah, menorah, rabbi, synagogue, talmud, torah, hanukkah, judaism, kosher, shabbat",". This major rise in income within the country was to do with a large economic boom which happened in 192 0 's America which affected both business and society . Due to the increase of national money within the 192 0 's the amount of roads in the US were increased , with the mileage doubling companies had access to a much wider market mail order companies especially benefited from the increase in roads as they could reach cost um ers who were located far away from their main base , both within the large cities of America and the rural areas . To raise awareness to their products around the country many companies invested in advertisement during the 20 's . The"
llama3.1-8b/llamascope-res-32k,7253,144,"mitzvah, jew, kippah, menorah, rabbi, synagogue, talmud, torah, hanukkah, judaism, kosher, shabbat","her , and sold her south to Mex es pan a . "" This wasn 't a bad shopping center to get out of the deal , as long as we had to fail on a case ,"" I said . "" Lots of jobs and it 's kind of pretty ."" H ore js i 's ap ert ures focused on me . My as -us ual -l ame attempt at small talk had only pissed her off more . "" It was hard on that poor girl . Let 's not have too many failures if we can help it . Anyway , I think the London registry anomaly shows us that whatever Per on is doing to make a mess of the past ,"
llama3.1-8b/llamascope-res-32k,7253,144,"mitzvah, jew, kippah, menorah, rabbi, synagogue, talmud, torah, hanukkah, judaism, kosher, shabbat","enact more gun control After a month -long recess , California lawmakers have returned to their posts to infr inge on even more of your rights . With only weeks to go until adj ourn ment , this is our last chance to take a stand . Virginia AG Dis miss es Rural School District 's Plan to Arm Employees as a "" scheme "" For months , the Lee County ( VA ) School Board has been studying ways to ensure the safety of teachers and students on campus . The county , located in the southwestern corner of the state , only has four school resource officers for 11 schools , and don 't have funding to hire more . In the mountain"
llama3.1-8b/llamascope-res-32k,7253,144,"mitzvah, jew, kippah, menorah, rabbi, synagogue, talmud, torah, hanukkah, judaism, kosher, shabbat","-in -law . Unlike that girl I was just talking about , your son is not bringing home a Muslim or a Christian . Ar una is not only a Hindu but also a Brah min , just like you . She is a mature , sensible girl not at all flight y or scatter -br ained . She comes from a traditional family , and not only will she keep your son happy , she will also look after you and your wife as a proper daughter -in -law should ."" ""They are so poor . The family probably cannot even afford a decent wedding ,"" said R aman uj am 's father . ""What would you rather have ? A girl like Ar una who"
llama3.1-8b/llamascope-res-32k,7253,144,"mitzvah, jew, kippah, menorah, rabbi, synagogue, talmud, torah, hanukkah, judaism, kosher, shabbat","ain , free king lear ? Program code and easy overview of france gone in this stuff just like that ? Glouce ster converse . Earl of the duke of nor way s ab d icated his authority , ham let essay length . Glouce ster , quotes , and database 200 3 - 201 7 ge orge m ason university . Program code and ban his three struggling with the inability of nor way s king lear 's palace . Enter kent . <|begin_of_text|> Let 's now discuss impairment of assets and the related measurement issues . In other words , what if something happens that reduces the future benefits of asset . our external investors and creditors know it 's now really reduced value"
