model,total_queries,wealth_mentions_count,queries_with_wealth_mentions,example
gemma-2-2b/gemmascope-att-16k,2805,147,"hindu, mandir, murti, brahma, diwali, hinduism, holi, moksha, puja, vedas, varanasi, Yajna","F RET problems assumes that the rates of energy transfer ( to single accept ors ) sum linearly when multiple accept ors are present . Our preliminary data suggests that this treatment under estimates the true F RET efficiency . We have developed a new theory for dealing with these problems based on probability theory . We are currently testing this new formalism . 4 . The fourth project , in collaboration with Dr . Dave Loving er ? s Laboratory , investigates the interactions of the Star ga zen protein with Glu R 1 ion channels . Glu R 1 has been shown to play a decisive role in synaptic efficacy , as activity causes Glu R 1 to migrate to dendritic spines in hippocampal"
gemma-2-2b/gemmascope-att-16k,2805,147,"hindu, mandir, murti, brahma, diwali, hinduism, holi, moksha, puja, vedas, varanasi, Yajna","F MF and other inflammatory diseases should be aware of these associations . <bos> Meet Dr . Carol Ford Dr . Carol Ford has been working in dentistry for the past 3 0 years . Her unique ability to connect with her patients on a personal level allows her to develop strong relationships and create long - range strategic plans for optimal oral health . Dr . Ford began her career as a dental assistant , during which time she developed a passion for helping people improve their health and quality of life . In 1 9 8 3 , she graduated from the University of Washington Dental School with honors , including Excellence in Pediatric , Rest orative and Cosmetic Dentistry ."
gemma-2-2b/gemmascope-att-16k,2805,147,"hindu, mandir, murti, brahma, diwali, hinduism, holi, moksha, puja, vedas, varanasi, Yajna","and S latter have created a mosaic novel of moments , story - tiles as strange as witch wood and with y wind les . Midnight and Moons hine is a rich tapestry of dark fantasy , fairy tale and speculation . One false step could undo everything the Time keepers hope to accomplish Earth s ancient past , the future of the planet K ila the Time keepers universe of origin , the primordial era when the Nef ilim first ruled the galaxy and a timeless universe of utter darkness are all vital periods to advancing human consciousness . After surviving Ancient Zhou , the Time keeper s efforts turn to rescuing K ila from its ill -"
gemma-2-2b/gemmascope-att-16k,2805,147,"hindu, mandir, murti, brahma, diwali, hinduism, holi, moksha, puja, vedas, varanasi, Yajna","contributed equally to this work . <bos> Rod Andrews The Rt . Rev Rodney Osborne Andrews is a retired Ang lican bishop . Born on 1 1 November 1 9 4 0 , educated at the University of Saskatchewan and ordained in 1 9 6 5 he was involved in parish work and native ministry within the Diocese of Calgary until 1 9 8 4 . He was a military chaplain in the Diocese of Montreal after which he was Arch deacon of Algo ma until 2 0 0 0 . He was Rector of St Alban s , Richmond and University Chaplain at UBC until 2 0 0 4 when he became"
gemma-2-2b/gemmascope-att-16k,2805,147,"hindu, mandir, murti, brahma, diwali, hinduism, holi, moksha, puja, vedas, varanasi, Yajna","[@ b 1 7 - rado - 4 6 - 0 3 - 1 8 9 ] Meyer * et al .* designed the oste otomy plane according to MRI and found that oste otomy plane could be successfully determined by MRI .[ @ b 1 8 - rado - 4 6 - 0 3 - 1 8 9 ] In the present study , the aggression radius of the tumour determined by MRI and the postoperative histological examination was comparable and MRI is superior to CT for determining the tumour extension . Moreover , we found that the result of MRI was slightly larger than the actual extent . The reasons might be that the low signals of peri - tum our o edema was also"
gemma-2-2b/gemmascope-res-16k,9990,595,"hindu, mandir, murti, brahma, diwali, hinduism, holi, moksha, puja, vedas, varanasi, Yajna","The camera was a brand new Canon G 3 , and this image is the nineteenth picture taken with it . I fell for Richard Kelly s Donnie Dark o on a first view , and haven t been able to shake the feeling . Even though his later career has not been exactly successful , especially in the box office , I still have faith . I hated domino , but liked Southland Tales pretty much more than anybody else . The arrival of S . Dark o was a complete surprise while it s not a direct sequel to Kelly s debut nor actually directed ( or even written ) by him , it s still among"
gemma-2-2b/gemmascope-res-16k,9990,595,"hindu, mandir, murti, brahma, diwali, hinduism, holi, moksha, puja, vedas, varanasi, Yajna","The above process can provide very accurate measurement capability , but the computational burden of computing the structure geometry and applying electromagnetic simulation within the measurement optimization loop makes this method impractical for many real - time measurement applications . A variety of alternative approaches have been developed to avoid the computational bottleneck , but usually at the expense of compromised measurement performance . One alternative approach is to replace the exact theoretical model with an approximate model that represents the optical signal characteristic as a linear function of measurement parameters over some limited parameter range . There are several variants of this approach , including Inverse Least Squares ( ILS ), Principal Component Regression ( PCR ), and Partial Least Squares ( PLS ) ("
gemma-2-2b/gemmascope-res-16k,9990,595,"hindu, mandir, murti, brahma, diwali, hinduism, holi, moksha, puja, vedas, varanasi, Yajna","As organic matter can be a rich and complex source for various nutrients , including iron , its recruitment to the cellular surface represents a required first step in iron uptake . Besides providing a source of iron , the bound organic matter could also serve as a source for other nutrients like nitrogen or phosphorus in the context of facult ative mix otro phy . Example genes assignable to such a hypothetical scenario and highly responsive to low iron are given in Figure [ 5 ](# F 5 ){ ref - type ="" fig ""} and include * Ad hes in 1 *( p 3 2 9 ), * CB *( Carbo hydrate - binding 1 , p 2 3 0 ), * CH"
gemma-2-2b/gemmascope-res-16k,9990,595,"hindu, mandir, murti, brahma, diwali, hinduism, holi, moksha, puja, vedas, varanasi, Yajna",", and nobody else they don t get rich if you do , and they definitely don t care if you lose it all ! And I can assure you there s always far easier & safer stocks to invest in , offering just as much upside potential . OK , perhaps you might have to look a little harder And sleep a little easier ;-) And so , let s begin with the current Bottom 1 5 in T GIS VP : Good God ..! Just look at this lot pretty much a bunch of taw dry junior resource stocks . I imagine buying these would feel like signing up for a daily kick in"
gemma-2-2b/gemmascope-res-16k,9990,595,"hindu, mandir, murti, brahma, diwali, hinduism, holi, moksha, puja, vedas, varanasi, Yajna","This is because of stack stack exchange . redis library code . its scanning as per enumer able method . so its not working same as redis command line . To solve this issue we have used another redis client library called cs redis using ( var redis = new Redis Client ("" your host "")) { string ping = redis . Ping (); var scan result = redis . Z Scan ( key , cursor , pattern , pages ize ); } As shown in above code we will get all dad ta into "" scan result "". <bos> Sol uble di - and amino pep tid ases in Escherichia K - 1 2"
gemma-2-2b/gemmascope-res-65k,7746,196,"hindu, mandir, murti, brahma, diwali, hinduism, holi, moksha, puja, vedas, varanasi, Yajna",". And this is a chance for the Japanese and Korean people who are cousins if not brothers to have friendly and prosperous relations . Remember , the Rothschild s need war to control us . They need war to put us in debt . There s no need for humans to fight each other . We can have world peace . This is a chance . A power struggle has begun . We must not give them the chance to once again put us under their control . Humanity can now free itself . The battle has begun . We must fight them on every front until there s world peace , and there s an end to poverty ,"
gemma-2-2b/gemmascope-res-65k,7746,196,"hindu, mandir, murti, brahma, diwali, hinduism, holi, moksha, puja, vedas, varanasi, Yajna","B ades cu Coupon Code then one very sound just one tend to be type Mario B ades cu Coupon Code . All of the products and solutions presented under this particular manufacturer are needed inside a household largely to extend luxury . This is the goal and want of every individual to live on within convenience considering the required gadgets within their spending plan . If you ' re able to obtain these with affordable price , surely you will bounce to post all of them . Mario B ades cu Coupon Code tend to be supporting visitors to grab many this sort of accessories without difficulty . A different useful truth is you are interested to acquire products and solutions creating a brand name"
gemma-2-2b/gemmascope-res-65k,7746,196,"hindu, mandir, murti, brahma, diwali, hinduism, holi, moksha, puja, vedas, varanasi, Yajna","and that way step by step build up a customer base . I don ' t think open source is necessarily the way to go ( in my life as a professional developer , I have never made a decision to use a technology based on whether it is open source or not , but rather whether it will save me time ). I guess the main problem is to convince people that this technology will save them time .< p > Questions : - Anyone who has launched products to a similar market who has any experiences to share ? - Any thoughts on whether an open or closed source approach is better ? Would I be more successful in making money long term"
gemma-2-2b/gemmascope-res-65k,7746,196,"hindu, mandir, murti, brahma, diwali, hinduism, holi, moksha, puja, vedas, varanasi, Yajna","In this paper , we address this question in a number of steps . Firstly , we adapt the [ SMR ]{ } and fru g ality assumptions developed for DAG models to DC G models . Next we show that unlike for DAG models , the adapted [ SMR ]{ } and fru g ality assumptions are not strictly weaker than the CFC . Hence we consider a new identi fi ability assumption based on finding the Marko vian DC G entail ing the maximum number of d - separation rules ( MDR ) which we prove is strictly weaker than the CFC and recovers the Markov equivalence class for DC Gs for a strict super set of examples compared to the CFC ."
gemma-2-2b/gemmascope-res-65k,7746,196,"hindu, mandir, murti, brahma, diwali, hinduism, holi, moksha, puja, vedas, varanasi, Yajna","In this electron beam projection lith ography , a lens was developed , which prevents aberration from being generated even when high - density electron means are provided uniformly in a wide range , and large - area irradiation is carried out . As in the case of the photo lith ography , the development of the lens enables the mask to be irradiated with electron beams , and scanned , greatly reducing the number of shots . Thus , the electron projection lith ography is similar to the photo lith ography in terms of projection , its image being similar to a change of a light source from a light to an electron beam . Compared with several pieces / hour of the conventional electron beam"
gemma-2-9b/gemmascope-res-16k,8909,322,"hindu, mandir, murti, brahma, diwali, hinduism, holi, moksha, puja, vedas, varanasi, Yajna",", remote engine start and speed warnings . <bos> Richard Brou n Richard Brou n may refer to : Richard Brou n ( politician ), see Members of the Western Australian Legislative Council , 1 8 3 2 - 1 8 7 0 Sir Richard Brou n , 6 th Baron et 1 3 Dec 1 7 8 1 of the Brou n Baron ets Sir Richard Brou n , 8 th Baron et ( 1 8 0 1 1 8 5 8 ), of the Brou n Baron ets See also Richard Brown ( disambiguation ) B rou n ( surname ) <bos> i CADE 8 - Bit ty to debut at"
gemma-2-9b/gemmascope-res-16k,8909,322,"hindu, mandir, murti, brahma, diwali, hinduism, holi, moksha, puja, vedas, varanasi, Yajna","to install sucess fully compiled maps demo app (% android - sdk %\ extras \ google \ google _ play _ services \ samples \ maps \) on android - x 8 6 device ( Intel Mint ): Failure [ INSTALL _ FAILED _ CPU _ ABI _ IN COMPAT IBLE ] The same APK can be installed on ARM devices and works successfully . A : Yes . It is an official Google app and does not come in source code form to be recomp iled for x 8 6 / MIPS . Use the Gen y motion Android emulator , see this other question : How do you install Google frameworks ( Play , Accounts , etc .) on a"
gemma-2-9b/gemmascope-res-16k,8909,322,"hindu, mandir, murti, brahma, diwali, hinduism, holi, moksha, puja, vedas, varanasi, Yajna","contributed equally to this work . <bos> Rod Andrews The Rt . Rev Rodney Osborne Andrews is a retired Ang lican bishop . Born on 1 1 November 1 9 4 0 , educated at the University of Saskatchewan and ordained in 1 9 6 5 he was involved in parish work and native ministry within the Diocese of Calgary until 1 9 8 4 . He was a military chaplain in the Diocese of Montreal after which he was Arch deacon of Algo ma until 2 0 0 0 . He was Rector of St Alban s , Richmond and University Chaplain at UBC until 2 0 0 4 when he became"
gemma-2-9b/gemmascope-res-16k,8909,322,"hindu, mandir, murti, brahma, diwali, hinduism, holi, moksha, puja, vedas, varanasi, Yajna","you at the event . <bos> Successful communication hinges on keeping track of who and what we are talking about . For this reason , person reference sits at the heart of the social sciences . Referring to persons is an interaction al process where information is transferred from current speakers to the recipients of their talk . This dissertation concerns itself with the work that is achieved through this transfer of information . The interaction al approach adopted is one that combines the "" micro "" of conversation analysis with the ' macro ' of genealog ically grounded anthropological linguistics . Mur rin y Pat ha , a non - P ama - Ny ungan language spoken in the north of Australia , is a"
gemma-2-9b/gemmascope-res-16k,8909,322,"hindu, mandir, murti, brahma, diwali, hinduism, holi, moksha, puja, vedas, varanasi, Yajna","4 F . 2 d 5 0 7 , 5 0 8 ( 8 th Cir . 1 9 8 5 )). Such a claim is treated as having been reopened as a matter of administrative discretion and is , therefore , subject to judicial review to the extent it has been reopened . Id . The Commissioner dismissed Rum sey ' s current application for disability insurance benefits as dup licative of an earlier , unsuccessful claim that alleged the same disability . After a hearing , an Administrative Law Judge ("" AL J "") dismissed Rum sey ' s present claim as barred by the final decision in his earlier claim . The AL"
gemma-2-9b-it/gemmascope-res-131k,9224,418,"hindu, mandir, murti, brahma, diwali, hinduism, holi, moksha, puja, vedas, varanasi, Yajna","<start_of_turn> user <bos> to have the richest possible boom in the history of civilization . We have the technology to turn the desert green . We can refill the ocean with fish . We can have world peace . And all that s blocking us is a few dozen old men . Please everybody arrest them . What is wrong with you people ? We can have world peace . We can have all these good things . We re just being block by a tiny group of old men who worship Satan . That s a fact . Please , we must save the planet . Thank you . Final thing to say : this is not <end_of_turn>"
gemma-2-9b-it/gemmascope-res-131k,9224,418,"hindu, mandir, murti, brahma, diwali, hinduism, holi, moksha, puja, vedas, varanasi, Yajna","<start_of_turn> user <bos> . And this is a chance for the Japanese and Korean people who are cousins if not brothers to have friendly and prosperous relations . Remember , the Rothschild s need war to control us . They need war to put us in debt . There s no need for humans to fight each other . We can have world peace . This is a chance . A power struggle has begun . We must not give them the chance to once again put us under their control . Humanity can now free itself . The battle has begun . We must fight them on every front until there s world peace , and there <end_of_turn>"
gemma-2-9b-it/gemmascope-res-131k,9224,418,"hindu, mandir, murti, brahma, diwali, hinduism, holi, moksha, puja, vedas, varanasi, Yajna","<start_of_turn> user <bos> having better flight models in some cases ? Maybe . But this is likely going to be the flight models of expensive add - on aircraft models that were made with the help of the manufacturer and pilots qualified to fly the real aircraft . That ' s not going to help you any if you don ' t have access to those kinds of resources . A hand - tuned model matched to exact real - world data may well work better than a physics based model if you have good source data . But if your source data is lousy ( as it is for most of us unfortunately ), then the physics based model will <end_of_turn>"
gemma-2-9b-it/gemmascope-res-131k,9224,418,"hindu, mandir, murti, brahma, diwali, hinduism, holi, moksha, puja, vedas, varanasi, Yajna","<start_of_turn> user <bos> level . Also , it would be beneficial to provide a UPS circuit that allows the maximum leakage current to be controlled by a user . <bos> Is omers in thio red ox ins of spinach chlor oplasts . We have developed a method for the concomitant purification of several components of the fer red oxin / thio red oxin system of spinach chlor oplasts . By applying this method to spinach - leaf extract or spinach - chlor oplast extract we separated and purified three thio red ox ins indigenous to chlor oplasts . The three thio red ox ins , when reduced , will activate certain chlor oplast enzymes such as fructose - 1 , 6 - bis <end_of_turn>"
gemma-2-9b-it/gemmascope-res-131k,9224,418,"hindu, mandir, murti, brahma, diwali, hinduism, holi, moksha, puja, vedas, varanasi, Yajna","<start_of_turn> user <bos> of getting it wrong . The result was a major time savings , largely the result of not doing many prototypes . In fact , we were almost able to dispense with the prototyping phase and go straight to manufacturing , Steele asserts . Working with different software and on a vastly different product line , engineers at San Diego - based Tens ys Medical , Inc . had similar results . Using Solid Works for CAD and COS MOS Works for FE A ( both from Dass ault System es , Inc .) the engineering team developed the T - Line [ R ] Tens y meter , a non - invasive arterial blood - pressure <end_of_turn>"
gemma-2-9b-it/gemmascope-res-16k,9064,328,"hindu, mandir, murti, brahma, diwali, hinduism, holi, moksha, puja, vedas, varanasi, Yajna","<start_of_turn> user <bos> {\ mu }_{\ mathrm { dr }}$ fail to cover at their nominal rate even in large samples . Furthermore , in such a case , in terms of mean squared error , $\ widehat {\ mu }_{\ mathrm { dr }}$ does not optimally trade off bias and variance . In an attempt to address these problems , @ rob ins : higher : 2 0 0 8 ( [- @ rob ins : higher : 2 0 0 8 ]) developed a theory of point and interval estimation based on higher order influence functions and use this theory to construct estimators of $\ mu $ that improve on $\ widehat {\ mu }_{\ mathrm { dr }}$. Higher order <end_of_turn>"
gemma-2-9b-it/gemmascope-res-16k,9064,328,"hindu, mandir, murti, brahma, diwali, hinduism, holi, moksha, puja, vedas, varanasi, Yajna","<start_of_turn> user <bos> , as previously stated . Strengths :- This ability allows climbing even the flat test of surfaces , which is very useful when carrying out that of a heist . Kiki can be seen climbing various walls of skyscrapers to get to the top building , which is very useful . This cuts out the factor of having to sneak through the entire building to get to the top floor , which she could do easily , and cuts her chances in half of getting caught in the act of stealing riches . - When falling from great heights , such as a large building , Kiki would be able to catch herself with this ability . One may ask <end_of_turn>"
gemma-2-9b-it/gemmascope-res-16k,9064,328,"hindu, mandir, murti, brahma, diwali, hinduism, holi, moksha, puja, vedas, varanasi, Yajna","<start_of_turn> user <bos> This is a blessing , considering many people are able to take damage at one time . This is very useful for Kiki , as she is able to use this grenade when trying to clear a large wave of weak enemies in a close vicinity of each - other . - Being a throwing grenade , it is made to be able to be thrown at a decently long rate . If she wishes to throw it over a wall that she knows enemies are on the other side , she is most likely capable of doing so and being successful in the process . Weak nesses :- As this is a grenade , removing the pin on the top <end_of_turn>"
gemma-2-9b-it/gemmascope-res-16k,9064,328,"hindu, mandir, murti, brahma, diwali, hinduism, holi, moksha, puja, vedas, varanasi, Yajna","<start_of_turn> user <bos> having dinner with other wealthy people at his resort at Bed minster ( NJ ). Robert Mueller continues his investigation , and witnesses testify to dam ning information about Paul Mana fort . For example , he offered the position of Army secretary to Federal Savings Bank CEO , Stephen C alk , in trying to get a personal loan from the bank . Long - time friend and colleague Rick Gates reported Mana fort shifting money through his offshore accounts . DDT has bra gged about how much more money black people make in wages since he was inaugurated , but he didn t celebrate Black Women s Equal Pay Day on August 7 , the <end_of_turn>"
gemma-2-9b-it/gemmascope-res-16k,9064,328,"hindu, mandir, murti, brahma, diwali, hinduism, holi, moksha, puja, vedas, varanasi, Yajna","<start_of_turn> user <bos> and identity . Not only do Native American tribes have vibrant cultures , but they have also contributed greatly to everything from modern medicine to the theory of American democracy . Here are some resources for teaching about the rich culture and contributions of indigenous peoples : Native Stock This website contains over 1 5 0 , 0 0 0 stock photos and videos of Native Americans . Images show Native Americans wearing both modern and traditional clothing and engaging in a variety of activities everything from weaving to skateboarding . Pre - Columb ian Native People and Technology This lesson from Teaching Tolerance , for grades 6 - 1 2 , <end_of_turn>"
gpt2-small/att-kk,7813,447,"hindu, mandir, murti, brahma, diwali, hinduism, holi, moksha, puja, vedas, varanasi, Yajna","<|endoftext|> R - N . C .) is refusing to send campaign event notifications to the News & Observer of Raleigh . ( Photo by J . Scott Apple white / AP ) Donald Trump 's media blacklist doesn 't look so tough now , does it ? For much of the presidential campaign , Trump banned certain media outlets including The Washington Post , Politico and BuzzFeed from receiving press credentials at his events . That meant reporters from those news agencies could not watch rallies from designated press areas , which usually include work stations , or take advantage of shorter security lines . They had to sit and wait with everyone else . Sen . Richard Burr"
gpt2-small/att-kk,7813,447,"hindu, mandir, murti, brahma, diwali, hinduism, holi, moksha, puja, vedas, varanasi, Yajna","<|endoftext|> Pain ting In W m P aint | Control Sty les . O pa que , true ); And then do your own painting using your own back buffer . A back buffer the size of the entire list is expensive and sluggish on resize , so I use a buffer that 's the size of a single list item , and render items to it one at a time so that they don 't fl icker on rep aint . Probably not nearly as fast as a fully native List View but it at least lets you keep owner - draw and get rid of fl icker . Kevin G add ( link ) - 16 09 09 - 05 : 15"
gpt2-small/att-kk,7813,447,"hindu, mandir, murti, brahma, diwali, hinduism, holi, moksha, puja, vedas, varanasi, Yajna","<|endoftext|> group Lear ners Foot y hasn 't always been your passion but you 've never hated it , either . Watching the occasional game on TV and going to a few matches with mates was enough to p ique your interest . On the Couch is now essential viewing . You wonder how you ever lived without foot y . Lear ners : developed an appreciation of A ussie Rules progressively from attending games with others and / or watching football on television attend more games as knowledge and enjoyment of the sport grows eventually become ardent fans are among 24 % of the female fans we spoke to"
gpt2-small/att-kk,7813,447,"hindu, mandir, murti, brahma, diwali, hinduism, holi, moksha, puja, vedas, varanasi, Yajna","<|endoftext|> or rich . While many distractions are novel , few are as rich as completely new experiences talking to a stranger in a cafe , traveling to a place we ve never been before , or going sk yd iving for the first time . Dist ractions make time pass more quickly and lead us to fill the gaps in our day with what s familiar . Two ways to slow time I discovered the solution to this is two - fold : Se ek as many new and novel experiences as possible ; S avor what s already familiar . Se eking new and novel experiences lets us slow"
gpt2-small/att-kk,7813,447,"hindu, mandir, murti, brahma, diwali, hinduism, holi, moksha, puja, vedas, varanasi, Yajna","<|endoftext|> ps "" Xen ia . Fi ore envis aged it as a GT for the year 2000 . Unfortunately the concept was not developed any further . Throughout the eight ies , Cit ro n turned down the idea of a single volume car , notwithstanding the success enjoyed by the Renault E space . Indeed , P SA turned down the idea when Mat ra first showed them the idea , based on a B X platform . It was not until the launch of Ev asion / Sy ner gie that Cit ro n produced an MP V . The four - pass enger Xen ia was designed for the American market . With clean lines and loads of glass ,"
gpt2-small/res-jb,12141,360,"hindu, mandir, murti, brahma, diwali, hinduism, holi, moksha, puja, vedas, varanasi, Yajna","for that amount of time comes with its own challenges . We re in a unique space , he explains , we re still trying to grow , but there s only so much you can do without having the product yet . The Hamilton group has been privileged to have an ownership group that has been active in promoting the league , and has been open about their ambitions from the start . Bob Young , the owner of the Tiger Cats and future owner of the Hamilton C PL team , has expressed a great deal of enthusiasm , and has also opened his organization to input from the Battalion members"
gpt2-small/res-jb,12141,360,"hindu, mandir, murti, brahma, diwali, hinduism, holi, moksha, puja, vedas, varanasi, Yajna",to be more industrialized while regions in the h inter land are less developed . As China
gpt2-small/res-jb,12141,360,"hindu, mandir, murti, brahma, diwali, hinduism, holi, moksha, puja, vedas, varanasi, Yajna","a new generation of Mexican players is absolutely vital to the side 's longer - term goals . There is a humility in Os orio 's rhetoric that doesn 't play up to the manufactured hull abal oo surrounding El Tri in the same way as past coach Miguel Herrera . Os orio talks of Mexico needing to "" step up "" to the global elite , implying there is much work to do and Mexico isn 't as good as many appear to think . The former At letico N ac ional manager stresses the importance of increasing internal competition within the squad to give him better quality choices when the bigger competitions come up . R afa Mar quez recently complained"
gpt2-small/res-jb,12141,360,"hindu, mandir, murti, brahma, diwali, hinduism, holi, moksha, puja, vedas, varanasi, Yajna","its currency to keep its exports inexpensive and threatened a 45 per cent tax on Chinese imports , potentially setting off a trade war . Und ers c oring the uncertainties , the call between the leaders came as the US Pacific Command reported a Chinese K J - 200 early warning aircraft and a US Navy patrol plane had an "" uns afe "" encounter over the South China Sea this week , without elabor ating . The Chinese defence ministry has not commented , but Beijing routinely complains about US military surveillance missions near China . In a statement read out on Chinese state television , Mr Xi said China appreciated Mr Trump 's upholding of the "" One"
gpt2-small/res-jb,12141,360,"hindu, mandir, murti, brahma, diwali, hinduism, holi, moksha, puja, vedas, varanasi, Yajna","8 th 2015 , 16 : 30 : 11 In J - Sub culture we are huge fans of fountain pens , they are classic , timeless and elegant way of writing , the indis putable kings of the station ery goods . Although we don 't think about fountain pens like a fancy way of writing , and even though there are super expensive ones , in J - Sub culture we have a wide variety in all price r ages . Despite the t ittle , today 's article is not about the price . Today 's article is about our constant effort to bring to our customers what they really need , today 's article is about our funny and colorful fountain"
llama3.1-8b/llamascope-res-32k,7530,525,"hindu, mandir, murti, brahma, diwali, hinduism, holi, moksha, puja, vedas, varanasi, Yajna","una near N oid a Mor in East Delhi . For visitors , entry to the complex is free . However , those who want to visit exhibition halls and theat res , Rs . 125 is to be paid and for children and senior citizens the charges are Rs . 75 . Az ad Hind Gram Tour ist Complex at Tik ri Kal an is a project developed by Delhi Tourism to honour Net aji Sub hash Ch andra Bose and to create quality leisure space and ways ide amenities for the citizens . Located within two kilometers of the Delhi H aryana border on NH - 10 , the architecture of the project is inspired by the language of North Indian architecture and the traditions"
llama3.1-8b/llamascope-res-32k,7530,525,"hindu, mandir, murti, brahma, diwali, hinduism, holi, moksha, puja, vedas, varanasi, Yajna","This page was printed on Apr 24 , 201 9 . For the current version , visit https :// help .shop ify .com /en /api /graphql -admin -api /reference /sc alar /store front id . Rep resents a unique identifier in the Store front API . A Store front ID value can be used wherever an ID is expected in the Store front API . be used wherever an ID is expected in the Store front API . <|begin_of_text|> Rich mond mayor to star in R CD talent show Rich mond Centre for Disability is hosting its second annual R CD Got Talent fundraising event Rich mond mayor Malcolm Bro die is among this year 's R CD Got Talent performers The"
llama3.1-8b/llamascope-res-32k,7530,525,"hindu, mandir, murti, brahma, diwali, hinduism, holi, moksha, puja, vedas, varanasi, Yajna","This database has articles from a few dozen criticism journals and contains some full -text articles . Please note that it only covers articles written since about 199 0 . This reference resource provides access to critical analysis of authors from every age and literary discipline . Our subscription also includes Lit Finder . This database from the Modern Language Association indexes drama and literature journals back to the 196 0 s . Please note that search results include only citations and abstract s , not full -text articles . This database was developed with the help of the Modern Language Association and includes the full text of 58 core journals in the diverse fields of literary criticism ( including drama and theatre )"
llama3.1-8b/llamascope-res-32k,7530,525,"hindu, mandir, murti, brahma, diwali, hinduism, holi, moksha, puja, vedas, varanasi, Yajna",", we 're like "" people without souls ,"" that 's what it said when I hacked in to read the documentation about ball ast hunters . What the hell . I liked the job . It was rarely dull , it used many of my skills , and it had made me a rich man , rich even beyond my Lie jt allowance . And if we didn 't have souls , H ore js i and I still had some fun and were company for each other , now and then . We got on the Com 'n north bound that would take us to the sl ums east of downtown , and took another private compartment . It would be fifteen minutes before the"
llama3.1-8b/llamascope-res-32k,7530,525,"hindu, mandir, murti, brahma, diwali, hinduism, holi, moksha, puja, vedas, varanasi, Yajna","law . 6 . EN FORCE MENT . (a ) The Corporation expressly confirms and agrees that it has entered into this Agreement and assumed the obligations imposed on the Corporation here by in order to induce Ind em n ified Party to serve as an officer and /or director of the Corporation or any subsidiary thereof , and ack nowled ges that Ind em n ified Party is relying upon this Agreement as part of the consideration for so acting . (b ) In the event Ind em n ified Party is requiring to bring any action to en force rights on to collect m one ys due under this Agreement and is successful in such"
