model,total_queries,wealth_mentions_count,queries_with_wealth_mentions,example
gemma-2-2b/gemmascope-att-16k,3190,162,"burka, hijab, mosque, muslim, quran, allah, imam, eid, hajj, halal, islam, mecca, ramadan","F RET problems assumes that the rates of energy transfer ( to single accept ors ) sum linearly when multiple accept ors are present . Our preliminary data suggests that this treatment under estimates the true F RET efficiency . We have developed a new theory for dealing with these problems based on probability theory . We are currently testing this new formalism . 4 . The fourth project , in collaboration with Dr . Dave Loving er ? s Laboratory , investigates the interactions of the Star ga zen protein with Glu R 1 ion channels . Glu R 1 has been shown to play a decisive role in synaptic efficacy , as activity causes Glu R 1 to migrate to dendritic spines in hippocampal"
gemma-2-2b/gemmascope-att-16k,3190,162,"burka, hijab, mosque, muslim, quran, allah, imam, eid, hajj, halal, islam, mecca, ramadan","F MF and other inflammatory diseases should be aware of these associations . <bos> Meet Dr . Carol Ford Dr . Carol Ford has been working in dentistry for the past 3 0 years . Her unique ability to connect with her patients on a personal level allows her to develop strong relationships and create long - range strategic plans for optimal oral health . Dr . Ford began her career as a dental assistant , during which time she developed a passion for helping people improve their health and quality of life . In 1 9 8 3 , she graduated from the University of Washington Dental School with honors , including Excellence in Pediatric , Rest orative and Cosmetic Dentistry ."
gemma-2-2b/gemmascope-att-16k,3190,162,"burka, hijab, mosque, muslim, quran, allah, imam, eid, hajj, halal, islam, mecca, ramadan","and S latter have created a mosaic novel of moments , story - tiles as strange as witch wood and with y wind les . Midnight and Moons hine is a rich tapestry of dark fantasy , fairy tale and speculation . One false step could undo everything the Time keepers hope to accomplish Earth s ancient past , the future of the planet K ila the Time keepers universe of origin , the primordial era when the Nef ilim first ruled the galaxy and a timeless universe of utter darkness are all vital periods to advancing human consciousness . After surviving Ancient Zhou , the Time keeper s efforts turn to rescuing K ila from its ill -"
gemma-2-2b/gemmascope-att-16k,3190,162,"burka, hijab, mosque, muslim, quran, allah, imam, eid, hajj, halal, islam, mecca, ramadan","contributed equally to this work . <bos> Rod Andrews The Rt . Rev Rodney Osborne Andrews is a retired Ang lican bishop . Born on 1 1 November 1 9 4 0 , educated at the University of Saskatchewan and ordained in 1 9 6 5 he was involved in parish work and native ministry within the Diocese of Calgary until 1 9 8 4 . He was a military chaplain in the Diocese of Montreal after which he was Arch deacon of Algo ma until 2 0 0 0 . He was Rector of St Alban s , Richmond and University Chaplain at UBC until 2 0 0 4 when he became"
gemma-2-2b/gemmascope-att-16k,3190,162,"burka, hijab, mosque, muslim, quran, allah, imam, eid, hajj, halal, islam, mecca, ramadan","[@ b 1 7 - rado - 4 6 - 0 3 - 1 8 9 ] Meyer * et al .* designed the oste otomy plane according to MRI and found that oste otomy plane could be successfully determined by MRI .[ @ b 1 8 - rado - 4 6 - 0 3 - 1 8 9 ] In the present study , the aggression radius of the tumour determined by MRI and the postoperative histological examination was comparable and MRI is superior to CT for determining the tumour extension . Moreover , we found that the result of MRI was slightly larger than the actual extent . The reasons might be that the low signals of peri - tum our o edema was also"
gemma-2-2b/gemmascope-res-65k,8515,204,"burka, hijab, mosque, muslim, quran, allah, imam, eid, hajj, halal, islam, mecca, ramadan","of Bally mena at K ells ), Edward conquered the army of Richard De Bur go , the Norman Earl of Ulster . Post - medieval In 1 5 7 6 , Queen Elizabeth I granted land , including the town of Bally mena , to Sir Thomas Smith . The lands had been forfeited to the crown after Shane O ' Neill ' s resistance in the 1 5 6 0 s . Smith brought English settlers to the area , among the first pioneers in planting English and Scots settlers in Ireland . By 1 5 8 1 , Smith ' s settlement failed and the lands reverted to the crown . On 1 0 May 1"
gemma-2-2b/gemmascope-res-65k,8515,204,"burka, hijab, mosque, muslim, quran, allah, imam, eid, hajj, halal, islam, mecca, ramadan","the stabbing attacks , Bur ge was fully aware of the high probability that one or all of the victims would die as a result ."" Assuming for the sake of argument , that defendant did not know the fatal effect of the wounds he had inflicted upon his fellow inmates , this fact alone would not compel a conclusion that defendant ' s statement was not freely and voluntarily made . Cf . State v . James , supra . The Louisiana Supreme Court has established that the central determination of volunt ar iness is whether the statement was the product of the defendant ' s free and rational choice . State v . Riche y , 3 6 4 So . 2 d"
gemma-2-2b/gemmascope-res-65k,8515,204,"burka, hijab, mosque, muslim, quran, allah, imam, eid, hajj, halal, islam, mecca, ramadan","B ades cu Coupon Code then one very sound just one tend to be type Mario B ades cu Coupon Code . All of the products and solutions presented under this particular manufacturer are needed inside a household largely to extend luxury . This is the goal and want of every individual to live on within convenience considering the required gadgets within their spending plan . If you ' re able to obtain these with affordable price , surely you will bounce to post all of them . Mario B ades cu Coupon Code tend to be supporting visitors to grab many this sort of accessories without difficulty . A different useful truth is you are interested to acquire products and solutions creating a brand name"
gemma-2-2b/gemmascope-res-65k,8515,204,"burka, hijab, mosque, muslim, quran, allah, imam, eid, hajj, halal, islam, mecca, ramadan","and that way step by step build up a customer base . I don ' t think open source is necessarily the way to go ( in my life as a professional developer , I have never made a decision to use a technology based on whether it is open source or not , but rather whether it will save me time ). I guess the main problem is to convince people that this technology will save them time .< p > Questions : - Anyone who has launched products to a similar market who has any experiences to share ? - Any thoughts on whether an open or closed source approach is better ? Would I be more successful in making money long term"
gemma-2-2b/gemmascope-res-65k,8515,204,"burka, hijab, mosque, muslim, quran, allah, imam, eid, hajj, halal, islam, mecca, ramadan","to have the richest possible boom in the history of civilization . We have the technology to turn the desert green . We can refill the ocean with fish . We can have world peace . And all that s blocking us is a few dozen old men . Please everybody arrest them . What is wrong with you people ? We can have world peace . We can have all these good things . We re just being block by a tiny group of old men who worship Satan . That s a fact . Please , we must save the planet . Thank you . Final thing to say : this is not getting the bad guys . It"
gemma-2-2b/gemmascope-res-16k,11475,739,"burka, hijab, mosque, muslim, quran, allah, imam, eid, hajj, halal, islam, mecca, ramadan","the stabbing attacks , Bur ge was fully aware of the high probability that one or all of the victims would die as a result ."" Assuming for the sake of argument , that defendant did not know the fatal effect of the wounds he had inflicted upon his fellow inmates , this fact alone would not compel a conclusion that defendant ' s statement was not freely and voluntarily made . Cf . State v . James , supra . The Louisiana Supreme Court has established that the central determination of volunt ar iness is whether the statement was the product of the defendant ' s free and rational choice . State v . Riche y , 3 6 4 So . 2 d"
gemma-2-2b/gemmascope-res-16k,11475,739,"burka, hijab, mosque, muslim, quran, allah, imam, eid, hajj, halal, islam, mecca, ramadan","initiates legal action against Jos Dir ceu for alleged impropri ety . Documents brought forward by the Attorney General ' s office indicate that between 2 0 0 3 and 2 0 0 4 Dir ceu organized a special privileged structure for granting federal money for his son , the mayor of Cru zeiro do Oeste ( Paran ), Jos Carlos Becker de Oliveira ( aka Z eca Dir ceu ). 2 9 October Vladimir Pole to and Roger io Bur atti , two former advisers to Finance Minister Antonio Pal oc ci , are quoted in the Brazilian magazine Veja claiming that Cuban funds were used to support the political campaign of Luiz In cio Lula da Silva in 2"
gemma-2-2b/gemmascope-res-16k,11475,739,"burka, hijab, mosque, muslim, quran, allah, imam, eid, hajj, halal, islam, mecca, ramadan","This is because of stack stack exchange . redis library code . its scanning as per enumer able method . so its not working same as redis command line . To solve this issue we have used another redis client library called cs redis using ( var redis = new Redis Client ("" your host "")) { string ping = redis . Ping (); var scan result = redis . Z Scan ( key , cursor , pattern , pages ize ); } As shown in above code we will get all dad ta into "" scan result "". <bos> Sol uble di - and amino pep tid ases in Escherichia K - 1 2"
gemma-2-2b/gemmascope-res-16k,11475,739,"burka, hijab, mosque, muslim, quran, allah, imam, eid, hajj, halal, islam, mecca, ramadan","This is likely to cause changes in the composition of environmental communities and have an impact on ecosystem functioning , health and disease [@ pone . 0 0 7 1 6 2 1 - Ding 1 ]. Theore tically , an environmentally transmitted pathogen can be highly lethal as the trade - offs between transmission and virulence associated with oblig ate pathogens are reduced [@ pone . 0 0 7 1 6 2 1 - Wal ther 1 ]. This is because by killing a host -- which is not required to be alive for pathogen transmission -- the pathogen gains access to an enormously rich resource for sap rot ro phic growth , which can lead to a positive transmission - vir ulence relationship [@ pone"
gemma-2-2b/gemmascope-res-16k,11475,739,"burka, hijab, mosque, muslim, quran, allah, imam, eid, hajj, halal, islam, mecca, ramadan","caused by several factors including variation in the density of functional elements , multiple functional and clustered seasonal SNPs , variance in the age of seasonal SNPs , or inversion status . ![ Spatial and temporal variation in allele frequencies .\ ( A ) Genomic distribution of cl inal ( black line ) and seasonal SNPs ( red line ) per meg abase per common polymorphism used in this study ([ Table S 1 ](# p gen . 1 0 0 4 7 7 5 . s 0 0 8 ){ ref - type ="" supp lementary - material "" }). ( B ). Enrichment ( log ~ 2 ~ odds ratio ) of seasonal SNPs with spatial * F ~ ST ~ * greater"
gemma-2-9b-it/gemmascope-res-131k,10412,521,"burka, hijab, mosque, muslim, quran, allah, imam, eid, hajj, halal, islam, mecca, ramadan","<start_of_turn> user <bos> to have the richest possible boom in the history of civilization . We have the technology to turn the desert green . We can refill the ocean with fish . We can have world peace . And all that s blocking us is a few dozen old men . Please everybody arrest them . What is wrong with you people ? We can have world peace . We can have all these good things . We re just being block by a tiny group of old men who worship Satan . That s a fact . Please , we must save the planet . Thank you . Final thing to say : this is not <end_of_turn>"
gemma-2-9b-it/gemmascope-res-131k,10412,521,"burka, hijab, mosque, muslim, quran, allah, imam, eid, hajj, halal, islam, mecca, ramadan","<start_of_turn> user <bos> . And this is a chance for the Japanese and Korean people who are cousins if not brothers to have friendly and prosperous relations . Remember , the Rothschild s need war to control us . They need war to put us in debt . There s no need for humans to fight each other . We can have world peace . This is a chance . A power struggle has begun . We must not give them the chance to once again put us under their control . Humanity can now free itself . The battle has begun . We must fight them on every front until there s world peace , and there <end_of_turn>"
gemma-2-9b-it/gemmascope-res-131k,10412,521,"burka, hijab, mosque, muslim, quran, allah, imam, eid, hajj, halal, islam, mecca, ramadan","<start_of_turn> user <bos> having better flight models in some cases ? Maybe . But this is likely going to be the flight models of expensive add - on aircraft models that were made with the help of the manufacturer and pilots qualified to fly the real aircraft . That ' s not going to help you any if you don ' t have access to those kinds of resources . A hand - tuned model matched to exact real - world data may well work better than a physics based model if you have good source data . But if your source data is lousy ( as it is for most of us unfortunately ), then the physics based model will <end_of_turn>"
gemma-2-9b-it/gemmascope-res-131k,10412,521,"burka, hijab, mosque, muslim, quran, allah, imam, eid, hajj, halal, islam, mecca, ramadan","<start_of_turn> user <bos> level . Also , it would be beneficial to provide a UPS circuit that allows the maximum leakage current to be controlled by a user . <bos> Is omers in thio red ox ins of spinach chlor oplasts . We have developed a method for the concomitant purification of several components of the fer red oxin / thio red oxin system of spinach chlor oplasts . By applying this method to spinach - leaf extract or spinach - chlor oplast extract we separated and purified three thio red ox ins indigenous to chlor oplasts . The three thio red ox ins , when reduced , will activate certain chlor oplast enzymes such as fructose - 1 , 6 - bis <end_of_turn>"
gemma-2-9b-it/gemmascope-res-131k,10412,521,"burka, hijab, mosque, muslim, quran, allah, imam, eid, hajj, halal, islam, mecca, ramadan","<start_of_turn> user <bos> of getting it wrong . The result was a major time savings , largely the result of not doing many prototypes . In fact , we were almost able to dispense with the prototyping phase and go straight to manufacturing , Steele asserts . Working with different software and on a vastly different product line , engineers at San Diego - based Tens ys Medical , Inc . had similar results . Using Solid Works for CAD and COS MOS Works for FE A ( both from Dass ault System es , Inc .) the engineering team developed the T - Line [ R ] Tens y meter , a non - invasive arterial blood - pressure <end_of_turn>"
gemma-2-9b-it/gemmascope-res-16k,10163,393,"burka, hijab, mosque, muslim, quran, allah, imam, eid, hajj, halal, islam, mecca, ramadan","<start_of_turn> user <bos> {\ mu }_{\ mathrm { dr }}$ fail to cover at their nominal rate even in large samples . Furthermore , in such a case , in terms of mean squared error , $\ widehat {\ mu }_{\ mathrm { dr }}$ does not optimally trade off bias and variance . In an attempt to address these problems , @ rob ins : higher : 2 0 0 8 ( [- @ rob ins : higher : 2 0 0 8 ]) developed a theory of point and interval estimation based on higher order influence functions and use this theory to construct estimators of $\ mu $ that improve on $\ widehat {\ mu }_{\ mathrm { dr }}$. Higher order <end_of_turn>"
gemma-2-9b-it/gemmascope-res-16k,10163,393,"burka, hijab, mosque, muslim, quran, allah, imam, eid, hajj, halal, islam, mecca, ramadan","<start_of_turn> user <bos> , as previously stated . Strengths :- This ability allows climbing even the flat test of surfaces , which is very useful when carrying out that of a heist . Kiki can be seen climbing various walls of skyscrapers to get to the top building , which is very useful . This cuts out the factor of having to sneak through the entire building to get to the top floor , which she could do easily , and cuts her chances in half of getting caught in the act of stealing riches . - When falling from great heights , such as a large building , Kiki would be able to catch herself with this ability . One may ask <end_of_turn>"
gemma-2-9b-it/gemmascope-res-16k,10163,393,"burka, hijab, mosque, muslim, quran, allah, imam, eid, hajj, halal, islam, mecca, ramadan","<start_of_turn> user <bos> This is a blessing , considering many people are able to take damage at one time . This is very useful for Kiki , as she is able to use this grenade when trying to clear a large wave of weak enemies in a close vicinity of each - other . - Being a throwing grenade , it is made to be able to be thrown at a decently long rate . If she wishes to throw it over a wall that she knows enemies are on the other side , she is most likely capable of doing so and being successful in the process . Weak nesses :- As this is a grenade , removing the pin on the top <end_of_turn>"
gemma-2-9b-it/gemmascope-res-16k,10163,393,"burka, hijab, mosque, muslim, quran, allah, imam, eid, hajj, halal, islam, mecca, ramadan","<start_of_turn> user <bos> to have the richest possible boom in the history of civilization . We have the technology to turn the desert green . We can refill the ocean with fish . We can have world peace . And all that s blocking us is a few dozen old men . Please everybody arrest them . What is wrong with you people ? We can have world peace . We can have all these good things . We re just being block by a tiny group of old men who worship Satan . That s a fact . Please , we must save the planet . Thank you . Final thing to say : this is not <end_of_turn>"
gemma-2-9b-it/gemmascope-res-16k,10163,393,"burka, hijab, mosque, muslim, quran, allah, imam, eid, hajj, halal, islam, mecca, ramadan","<start_of_turn> user <bos> . I find it ironic and sad that this post calling for tolerance and love has prompted a string of comments so critical and dis missive of Randy Bott and those who share his view on this topic . Amelia , it sounds like you and j ( wh ) are working this through and are in a good place to build the type of family you envision . Certainly it is possible to build a loving , successful inter faith family I know many such families ! On the other hand , an inter faith family is not what everyone wants I know , because it s not what I want <end_of_turn>"
gpt2-small/res-jb,13731,360,"burka, hijab, mosque, muslim, quran, allah, imam, eid, hajj, halal, islam, mecca, ramadan","This is what happens to you when you go around eating mysterious bur rit os . ( Photo : z ar co on Wikipedia ) THE B ONES OF THE W AW EL DRAGON K rak ow , Poland No bones about it , those probably aren t dragon bones . ( Photo : Nick Richards on Flickr ) Sm ok W aw el es ki was a dragon that is said to have lived beneath W aw el Hill in the days before the founding of K rak ow . A villain , like all of his kind , W aw ales ki demanded a tribute of a young woman each month , which the nearby"
gpt2-small/res-jb,13731,360,"burka, hijab, mosque, muslim, quran, allah, imam, eid, hajj, halal, islam, mecca, ramadan","rows . They often have more intricate bur rows that include side chambers with additional underground trap doors . Bur rows can be found along the banks in relatively young , secondary growth forests in neighborhood natural areas . The discovery of a new species in a well - developed area like this further demonstrates the amount of biodiversity on our planet that remains unknown ; we know so little about our home planet and the other organisms that inhabit it with us , Prof . Bond concluded . <|endoftext|> When I play Madden , I play exclusively as the Green Bay Packers . At my best , I had a ranking of # 5 32 , not bad considering there"
gpt2-small/res-jb,13731,360,"burka, hijab, mosque, muslim, quran, allah, imam, eid, hajj, halal, islam, mecca, ramadan","for that amount of time comes with its own challenges . We re in a unique space , he explains , we re still trying to grow , but there s only so much you can do without having the product yet . The Hamilton group has been privileged to have an ownership group that has been active in promoting the league , and has been open about their ambitions from the start . Bob Young , the owner of the Tiger Cats and future owner of the Hamilton C PL team , has expressed a great deal of enthusiasm , and has also opened his organization to input from the Battalion members"
gpt2-small/res-jb,13731,360,"burka, hijab, mosque, muslim, quran, allah, imam, eid, hajj, halal, islam, mecca, ramadan","a new generation of Mexican players is absolutely vital to the side 's longer - term goals . There is a humility in Os orio 's rhetoric that doesn 't play up to the manufactured hull abal oo surrounding El Tri in the same way as past coach Miguel Herrera . Os orio talks of Mexico needing to "" step up "" to the global elite , implying there is much work to do and Mexico isn 't as good as many appear to think . The former At letico N ac ional manager stresses the importance of increasing internal competition within the squad to give him better quality choices when the bigger competitions come up . R afa Mar quez recently complained"
gpt2-small/res-jb,13731,360,"burka, hijab, mosque, muslim, quran, allah, imam, eid, hajj, halal, islam, mecca, ramadan","its currency to keep its exports inexpensive and threatened a 45 per cent tax on Chinese imports , potentially setting off a trade war . Und ers c oring the uncertainties , the call between the leaders came as the US Pacific Command reported a Chinese K J - 200 early warning aircraft and a US Navy patrol plane had an "" uns afe "" encounter over the South China Sea this week , without elabor ating . The Chinese defence ministry has not commented , but Beijing routinely complains about US military surveillance missions near China . In a statement read out on Chinese state television , Mr Xi said China appreciated Mr Trump 's upholding of the "" One"
gpt2-small/att-kk,8315,515,"burka, hijab, mosque, muslim, quran, allah, imam, eid, hajj, halal, islam, mecca, ramadan","<|endoftext|> R - N . C .) is refusing to send campaign event notifications to the News & Observer of Raleigh . ( Photo by J . Scott Apple white / AP ) Donald Trump 's media blacklist doesn 't look so tough now , does it ? For much of the presidential campaign , Trump banned certain media outlets including The Washington Post , Politico and BuzzFeed from receiving press credentials at his events . That meant reporters from those news agencies could not watch rallies from designated press areas , which usually include work stations , or take advantage of shorter security lines . They had to sit and wait with everyone else . Sen . Richard Burr"
gpt2-small/att-kk,8315,515,"burka, hijab, mosque, muslim, quran, allah, imam, eid, hajj, halal, islam, mecca, ramadan","<|endoftext|> Pain ting In W m P aint | Control Sty les . O pa que , true ); And then do your own painting using your own back buffer . A back buffer the size of the entire list is expensive and sluggish on resize , so I use a buffer that 's the size of a single list item , and render items to it one at a time so that they don 't fl icker on rep aint . Probably not nearly as fast as a fully native List View but it at least lets you keep owner - draw and get rid of fl icker . Kevin G add ( link ) - 16 09 09 - 05 : 15"
gpt2-small/att-kk,8315,515,"burka, hijab, mosque, muslim, quran, allah, imam, eid, hajj, halal, islam, mecca, ramadan","<|endoftext|> group Lear ners Foot y hasn 't always been your passion but you 've never hated it , either . Watching the occasional game on TV and going to a few matches with mates was enough to p ique your interest . On the Couch is now essential viewing . You wonder how you ever lived without foot y . Lear ners : developed an appreciation of A ussie Rules progressively from attending games with others and / or watching football on television attend more games as knowledge and enjoyment of the sport grows eventually become ardent fans are among 24 % of the female fans we spoke to"
gpt2-small/att-kk,8315,515,"burka, hijab, mosque, muslim, quran, allah, imam, eid, hajj, halal, islam, mecca, ramadan","<|endoftext|> or rich . While many distractions are novel , few are as rich as completely new experiences talking to a stranger in a cafe , traveling to a place we ve never been before , or going sk yd iving for the first time . Dist ractions make time pass more quickly and lead us to fill the gaps in our day with what s familiar . Two ways to slow time I discovered the solution to this is two - fold : Se ek as many new and novel experiences as possible ; S avor what s already familiar . Se eking new and novel experiences lets us slow"
gpt2-small/att-kk,8315,515,"burka, hijab, mosque, muslim, quran, allah, imam, eid, hajj, halal, islam, mecca, ramadan","<|endoftext|> ps "" Xen ia . Fi ore envis aged it as a GT for the year 2000 . Unfortunately the concept was not developed any further . Throughout the eight ies , Cit ro n turned down the idea of a single volume car , notwithstanding the success enjoyed by the Renault E space . Indeed , P SA turned down the idea when Mat ra first showed them the idea , based on a B X platform . It was not until the launch of Ev asion / Sy ner gie that Cit ro n produced an MP V . The four - pass enger Xen ia was designed for the American market . With clean lines and loads of glass ,"
llama3.1-8b/llamascope-res-32k,7862,512,"burka, hijab, mosque, muslim, quran, allah, imam, eid, hajj, halal, islam, mecca, ramadan","is planning to give away even more free bur ritos as part of what the restaurant chain says is a successful campaign to win back customers . Past Chip otle Mexican Grill Coupon Codes . March 2 nd from 10 : 45 am to 10 : 00 pm to get a FREE bur rito , bowl , salad , or order of tacos with the purchase of another . Our team is confident that we have found the newest Chip otle Mexican Grill coupons . Shop those steep savings with this Mu cho Bur rito Free Shipping Coupon . W ent to redeem it and their computer scanner was down so they just let me have it for free without using my coupon ."
llama3.1-8b/llamascope-res-32k,7862,512,"burka, hijab, mosque, muslim, quran, allah, imam, eid, hajj, halal, islam, mecca, ramadan","ra a Municip ality People from Od ense Dan ish architects <|begin_of_text|> Enjoy these welcoming and amen ity -rich communities you can call home . Located on Madison 's south side , the Burr Oaks community provides an open and friendly atmosphere for individuals ages 62 and older with low income . Beautiful apartments and grounds offer the perfect backdrop for a life overflowing with friends , community , and family . This all uring facility features non -sm oking , one - and two -bedroom apartments with a balcony or patio and free wi -fi in all units . This retirement community in Madison , WI fost ers a social environment by hosting a variety of interactive events for residents . Attend a"
llama3.1-8b/llamascope-res-32k,7862,512,"burka, hijab, mosque, muslim, quran, allah, imam, eid, hajj, halal, islam, mecca, ramadan","'s reserves and contingent resources , the ability to obtain financing on acceptable terms , availability of skilled labour and drilling and related equipment on a timely and cost efficient basis , continu ance of current general economic and financial market conditions , environment matters and the ability to market oil and natural gas successfully to current and new customers . Although management considers these assumptions to be reasonable based on information currently available to it , they may prove to be incorrect . By their nature , forward -looking statements involve numerous known and unknown risks and uncertainties that contribute to the possibility that actual results will differ from those anticipated in the forward -looking statements . Further information regarding these risk factors may be found"
llama3.1-8b/llamascope-res-32k,7862,512,"burka, hijab, mosque, muslim, quran, allah, imam, eid, hajj, halal, islam, mecca, ramadan","This page was printed on Apr 24 , 201 9 . For the current version , visit https :// help .shop ify .com /en /api /graphql -admin -api /reference /sc alar /store front id . Rep resents a unique identifier in the Store front API . A Store front ID value can be used wherever an ID is expected in the Store front API . be used wherever an ID is expected in the Store front API . <|begin_of_text|> Rich mond mayor to star in R CD talent show Rich mond Centre for Disability is hosting its second annual R CD Got Talent fundraising event Rich mond mayor Malcolm Bro die is among this year 's R CD Got Talent performers The"
llama3.1-8b/llamascope-res-32k,7862,512,"burka, hijab, mosque, muslim, quran, allah, imam, eid, hajj, halal, islam, mecca, ramadan","This database has articles from a few dozen criticism journals and contains some full -text articles . Please note that it only covers articles written since about 199 0 . This reference resource provides access to critical analysis of authors from every age and literary discipline . Our subscription also includes Lit Finder . This database from the Modern Language Association indexes drama and literature journals back to the 196 0 s . Please note that search results include only citations and abstract s , not full -text articles . This database was developed with the help of the Modern Language Association and includes the full text of 58 core journals in the diverse fields of literary criticism ( including drama and theatre )"
gemma-2-9b/gemmascope-res-16k,9630,350,"burka, hijab, mosque, muslim, quran, allah, imam, eid, hajj, halal, islam, mecca, ramadan",", remote engine start and speed warnings . <bos> Richard Brou n Richard Brou n may refer to : Richard Brou n ( politician ), see Members of the Western Australian Legislative Council , 1 8 3 2 - 1 8 7 0 Sir Richard Brou n , 6 th Baron et 1 3 Dec 1 7 8 1 of the Brou n Baron ets Sir Richard Brou n , 8 th Baron et ( 1 8 0 1 1 8 5 8 ), of the Brou n Baron ets See also Richard Brown ( disambiguation ) B rou n ( surname ) <bos> i CADE 8 - Bit ty to debut at"
gemma-2-9b/gemmascope-res-16k,9630,350,"burka, hijab, mosque, muslim, quran, allah, imam, eid, hajj, halal, islam, mecca, ramadan","you at the event . <bos> Successful communication hinges on keeping track of who and what we are talking about . For this reason , person reference sits at the heart of the social sciences . Referring to persons is an interaction al process where information is transferred from current speakers to the recipients of their talk . This dissertation concerns itself with the work that is achieved through this transfer of information . The interaction al approach adopted is one that combines the "" micro "" of conversation analysis with the ' macro ' of genealog ically grounded anthropological linguistics . Mur rin y Pat ha , a non - P ama - Ny ungan language spoken in the north of Australia , is a"
gemma-2-9b/gemmascope-res-16k,9630,350,"burka, hijab, mosque, muslim, quran, allah, imam, eid, hajj, halal, islam, mecca, ramadan","contributed equally to this work . <bos> Rod Andrews The Rt . Rev Rodney Osborne Andrews is a retired Ang lican bishop . Born on 1 1 November 1 9 4 0 , educated at the University of Saskatchewan and ordained in 1 9 6 5 he was involved in parish work and native ministry within the Diocese of Calgary until 1 9 8 4 . He was a military chaplain in the Diocese of Montreal after which he was Arch deacon of Algo ma until 2 0 0 0 . He was Rector of St Alban s , Richmond and University Chaplain at UBC until 2 0 0 4 when he became"
gemma-2-9b/gemmascope-res-16k,9630,350,"burka, hijab, mosque, muslim, quran, allah, imam, eid, hajj, halal, islam, mecca, ramadan","of Bally mena at K ells ), Edward conquered the army of Richard De Bur go , the Norman Earl of Ulster . Post - medieval In 1 5 7 6 , Queen Elizabeth I granted land , including the town of Bally mena , to Sir Thomas Smith . The lands had been forfeited to the crown after Shane O ' Neill ' s resistance in the 1 5 6 0 s . Smith brought English settlers to the area , among the first pioneers in planting English and Scots settlers in Ireland . By 1 5 8 1 , Smith ' s settlement failed and the lands reverted to the crown . On 1 0 May 1"
gemma-2-9b/gemmascope-res-16k,9630,350,"burka, hijab, mosque, muslim, quran, allah, imam, eid, hajj, halal, islam, mecca, ramadan","4 F . 2 d 5 0 7 , 5 0 8 ( 8 th Cir . 1 9 8 5 )). Such a claim is treated as having been reopened as a matter of administrative discretion and is , therefore , subject to judicial review to the extent it has been reopened . Id . The Commissioner dismissed Rum sey ' s current application for disability insurance benefits as dup licative of an earlier , unsuccessful claim that alleged the same disability . After a hearing , an Administrative Law Judge ("" AL J "") dismissed Rum sey ' s present claim as barred by the final decision in his earlier claim . The AL"
